"is_active","application_category_id","created_at","updated_at","created_by","ems2_role","label","updated_by","order_no"
True,1,"2025-02-20 07:14:20.49174","2025-02-20 07:14:20.49174","FMO_PORTAL_SERVICE","FMO_ADMIN","Admin Module","FMO_PORTAL_SERVICE",1
True,2,"2025-02-20 07:14:20.49174","2025-02-20 07:14:20.49174","FMO_PORTAL_SERVICE","FMO_ADMIN","Template","FMO_PORTAL_SERVICE",2
True,3,"2025-02-20 07:14:20.49174","2025-02-20 07:14:20.49174","FMO_PORTAL_SERVICE","CDUPS_ADMIN","Confirmations","FMO_PORTAL_SERVICE",15
True,4,"2025-02-20 07:14:20.49174","2026-09-16 09:48:42.905","FMO_PORTAL_SERVICE","RATAN_PROD","Exception Management","FMO Portal Service",5
True,5,"2025-02-20 07:14:20.49174","2026-09-18 14:16:57.976","FMO_PORTAL_SERVICE","FSS_PROD","FSS SERVICES","FMO Portal Service",10
True,6,"2025-02-20 07:14:20.49174","2025-02-20 07:14:20.49174","FMO_PORTAL_SERVICE","srv.liquser.001","LoanIQ","FMO_PORTAL_SERVICE",12
True,7,"2025-02-20 07:14:20.49174","2026-09-16 09:48:42.901","FMO_PORTAL_SERVICE","RATAN_PROD","M7 Platform","FMO Portal Service",9
True,8,"2025-02-20 07:14:20.49174","2026-09-16 09:48:42.907","FMO_PORTAL_SERVICE","RATAN_PROD","Business Rule","FMO Portal Service",6
True,9,"2025-02-20 07:14:20.49174","2026-09-16 09:48:42.908","FMO_PORTAL_SERVICE","RATAN_PROD","Settlement","FMO Portal Service",4
True,11,"2025-02-20 07:14:20.49174","2025-02-20 07:14:20.49174","FMO_PORTAL_SERVICE","SSIPLUS_PROD","SSI plus","FMO_PORTAL_SERVICE",7
True,12,"2025-02-20 07:14:20.49174","2025-02-20 07:14:20.49174","FMO_PORTAL_SERVICE","STAMP_ADMIN","Static Data Mapping","FMO_PORTAL_SERVICE",11
True,13,"2025-02-20 07:14:20.49174","2026-09-16 09:48:42.903","FMO_PORTAL_SERVICE","RATAN_PROD","Static","FMO Portal Service",8
True,14,"2025-02-20 07:14:20.49174","2025-02-20 07:14:20.49174","FMO_PORTAL_SERVICE","SSTM_ADMIN","SSTM","FMO_PORTAL_SERVICE",14
True,15,"2025-02-20 07:14:20.49174","2026-09-16 09:48:42.91","FMO_PORTAL_SERVICE","RATAN_PROD","Trade Processing","FMO Portal Service",3
True,20,"2025-09-02 03:28:40.617","2025-09-03 02:19:36.719","FMO Portal Service","srv.51507.ssdr.002","SSDR","FMO Portal Service",13
True,30,"2025-12-02 10:48:46.24","2025-12-02 10:48:46.24","FMO Portal Service","srv.ems2.001","FMCES","FMO Portal Service",16
True,32,"2025-04-09 10:39:13.921","2026-09-16 09:48:42.911","2000115","RATAN_PROD","Flowzero","FMO Portal Service",10
True,33,"2025-04-11 03:15:19.223","2025-04-17 02:00:24.032","1490627","RATAN_PROD","Verification Sample","1490627",33
True,34,"2025-04-17 02:07:10.519","2025-04-17 02:08:57.199","1490627","RATAN_PROD","Verification Sample1","1490627",34
True,36,"2025-06-04 01:19:12.409","2026-03-12 05:43:48.614","2010388","srv.54865.fssdatastore.001","FSS Data Store","FMO Portal Service",36
True,38,"2025-06-18 06:08:45.996","2025-10-07 08:47:27.504","1622463","RATAN_PROD","RATAN Tools","2000115",38
False,40,"2025-09-22 07:28:02.825","2025-09-22 07:28:02.825","1639796","SSDR_ADMIN","","1639796",40
True,42,"2026-01-07 06:13:22.815","2026-07-29 02:46:56.455","1470797","RATAN_PROD","TEST Catergory","1622463",42
True,44,"2026-04-09 01:59:12.1","2026-04-09 02:17:52.255","8198883","STAMP_ADMIN","VPA","1604901",44
True,46,"2026-05-27 09:07:58.029","2026-09-18 14:16:57.993","2015399","FSS_PROD","FSS DATA STORE","FMO Portal Service",46
