"is_active","is_template","application_category_id","application_tile_id","created_at","import_map_id","updated_at","ems2_entities","created_by","email_support","ems2_role","ems2_subject","image_dark_theme","image_light_theme","module","subtitle","tile","title","updated_by","order_no","filter_rule","entry_name"
True,False,1,1,"2025-02-20 07:14:20.49174",5,"2025-02-20 07:14:20.49174","FMO PORTAL ADMIN","FMO_PORTAL_SERVICE","","FMO_ADMIN","/importmap","darkIcons/icon12.svg","lightIcons/icon12.svg","importmap","","importmap","Module Map","FMO_PORTAL_SERVICE",1,NULL,NULL
True,False,1,2,"2025-02-20 07:14:20.49174",5,"2025-02-20 07:14:20.49174","FMO PORTAL ADMIN","FMO_PORTAL_SERVICE","","FMO_ADMIN","/category","darkIcons/icon13.svg","lightIcons/icon13.svg","category","","category","Drawer Category","FMO_PORTAL_SERVICE",2,NULL,NULL
True,False,1,3,"2025-02-20 07:14:20.49174",5,"2025-02-20 07:14:20.49174","FMO PORTAL ADMIN","FMO_PORTAL_SERVICE","","FMO_ADMIN","/tile","darkIcons/icon14.svg","lightIcons/icon14.svg","tile","","tile","Tile Configuration","FMO_PORTAL_SERVICE",3,NULL,NULL
True,False,1,4,"2025-02-20 07:14:20.49174",5,"2025-02-20 07:14:20.49174","FMO PORTAL ADMIN","FMO_PORTAL_SERVICE",NULL,"FMO_ADMIN","/tile","darkIcons/icon14.svg","lightIcons/icon14.svg","fdc3",NULL,"fdc3","FDC3","FMO_PORTAL_SERVICE",4,NULL,NULL
True,False,4,15,"2025-02-20 07:14:20.49174",10,"2026-09-16 09:48:42.989","X_RATANONE","FMO_PORTAL_SERVICE","FM_BPMS.SUPPORT@sc.com","RATAN_PROD","RATAN_VALIDATION_EXCEPTION","darkIcons/settlment.exception.dark.svg","lightIcons/settlment.exception.light.svg","exceptions_blotter","","validation","Validation Exceptions","FMO Portal Service",15,NULL,""
True,False,4,16,"2025-02-20 07:14:20.49174",10,"2026-09-16 09:48:42.994","X_RATANONE","FMO_PORTAL_SERVICE","FM_BPMS.SUPPORT@sc.com","RATAN_PROD","RATAN_SETTLEMENT_EXCEPTION","darkIcons/exception.dark.svg","lightIcons/exception.light.svg","exceptions_blotter","","settlement","Settlement Exceptions","FMO Portal Service",16,NULL,""
True,False,4,17,"2025-02-20 07:14:20.49174",10,"2026-09-16 09:48:42.997","X_RATANONE","FMO_PORTAL_SERVICE","FM_BPMS.SUPPORT@sc.com","RATAN_PROD","RATAN_MO_EXCEPTION","darkIcons/settlment.exception.dark.svg","lightIcons/settlment.exception.light.svg","exceptions_blotter","","middle_office","MO Exceptions","FMO Portal Service",17,NULL,""
True,False,4,18,"2025-02-20 07:14:20.49174",10,"2026-09-16 09:48:43.001","X_RATANONE","FMO_PORTAL_SERVICE","FM_BPMS.SUPPORT@sc.com","RATAN_PROD","RATAN_KR_EXCEPTION","darkIcons/exception.dark.svg","lightIcons/exception.light.svg","exceptions_blotter","","iso_exception","Korea MX Exceptions","FMO Portal Service",18,NULL,""
True,False,5,19,"2025-02-20 07:14:20.49174",18,"2026-09-18 13:38:26.465","FSS_PAYMENTS_SERVICES_TH, FSS_PAYMENTS_SERVICES_SG","FMO_PORTAL_SERVICE","FM_BPMS.SUPPORT@sc.com","FSS_PROD","FSS Payments Services","darkIcons/icon01.svg","lightIcons/icon01.svg","mfe_fssservices_tiles","","tile1","Payment Processing","FMO Portal Service",19,NULL,""
True,False,5,20,"2025-02-20 07:14:20.49174",24,"2026-09-18 13:38:26.467","FSSPS_ETF_CN, FSSPS_FSPAYMENT_ID,FSSPS_MIRRORMEMO_SG,FSSPS_FSPAYMENT_DPQ_ID","FMO_PORTAL_SERVICE","FM_BPMS.SUPPORT@sc.com","FSS_PROD","FSS Services Payments Core","darkIcons/icon01.svg","lightIcons/icon01.svg","fss_payments_transaction","","payments-transaction","Payments - Transaction","FMO Portal Service",20,NULL,""
True,False,5,21,"2025-02-20 07:14:20.49174",24,"2026-09-18 13:38:26.468","FSSPS_REFERENCE_CN, FSSPS_REFERENCE_ID, FSSPS_REFERENCE_GH,FSSPS_REFERENCE_SG,FSSPS_REFERENCE_MY","FMO_PORTAL_SERVICE","FM_BPMS.SUPPORT@sc.com","FSS_PROD","FSS Services Payments Reference","darkIcons/icon01.svg","lightIcons/icon01.svg","fss_payments_reference","","payments-reference","Payments - Reference","FMO Portal Service",21,NULL,""
True,False,5,22,"2025-02-20 07:14:20.49174",20,"2026-09-18 13:38:26.47","FSS_SERVICES_PEREGRINE,FSS_SERVICES_PEREGRINE_AE,FSS_SERVICES_PEREGRINE_HK,FSS_SERVICES_PEREGRINE_LU,FSS_SERVICES_PEREGRINE_SG,FSSDA_AUC_XX,FSSDA_AUC_AE,FSSDA_AUC_HK,FSSDA_AUC_LU,FSSDA_AUC_SG,FSSDA_OKX_AE,FSSDA_OKX_HK,FSSDA_OKX_LU,FSSDA_OKX_SG,FSSDA_RECON_AE,FSSDA_RECON_HK,FSSDA_RECON_LU,FSSDA_RECON_SG,FSSDA_COLLATERAL_AE,FSSDA_COLLATERAL_HK,FSSDA_COLLATERAL_LU,FSSDA_COLLATERAL_SG,FSSDS_CA_GH,FSSDA_TXNMT_AE,FSSDA_TXNMT_HK,FSSDA_TXNMT_LU,FSSDA_TXNMT_SG","FMO_PORTAL_SERVICE","FM_BPMS.SUPPORT@sc.com","FSS_PROD","FSS Services Peregrine","darkIcons/icon01.svg","lightIcons/icon01.svg","mfe_fssservices_peregrine_tiles","","peregrine","FSS Services – DAC","FMO Portal Service",22,NULL,""
True,False,5,23,"2025-02-20 07:14:20.49174",22,"2026-09-18 13:38:26.474","FSS_BAP_AE_GROUPS, FSS_BAP_AE_GROUPS_FUNDS, FSS_BAP_AE_OPERATIONS, FSS_BAP_AE_PRODUCT, FSS_BAP_AE_REGIONAL, FSS_BAP_AE_SALES, FSS_BAP_BD_GROUPS, FSS_BAP_BD_GROUPS_FUNDS, FSS_BAP_BD_OPERATIONS, FSS_BAP_BD_PRODUCT, FSS_BAP_BD_REGIONAL, FSS_BAP_BD_SALES, FSS_BAP_BH_GROUPS, FSS_BAP_BH_GROUPS_FUNDS, FSS_BAP_BH_OPERATIONS, FSS_BAP_BH_PRODUCT, FSS_BAP_BH_SALES, FSS_BAP_BH_REGIONAL, FSS_BAP_BW_GROUPS, FSS_BAP_BW_GROUPS_FUNDS, FSS_BAP_BW_OPERATIONS, FSS_BAP_BW_PRODUCT, FSS_BAP_BW_REGIONAL, FSS_BAP_BW_SALES, FSS_BAP_CENTRAL_PRICING_TEAM, FSS_BAP_CI_GROUPS, FSS_BAP_CI_GROUPS_FUNDS, FSS_BAP_CI_OPERATIONS, FSS_BAP_CI_PRODUCT, FSS_BAP_CI_REGIONAL, FSS_BAP_CI_SALES, FSS_BAP_CN_GROUPS, FSS_BAP_CN_GROUPS_FUNDS, FSS_BAP_CN_OPERATIONS, FSS_BAP_CN_PRODUCT, FSS_BAP_CN_REGIONAL, FSS_BAP_CN_SALES, FSS_BAP_DEAL_EXTRACT, FSS_BAP_EG_GROUPS, FSS_BAP_EG_GROUPS_FUNDS, FSS_BAP_EG_OPERATIONS, FSS_BAP_EG_PRODUCT, FSS_BAP_EG_REGIONAL, FSS_BAP_EG_SALES, FSS_BAP_FEE_APPROVAL, FSS_BAP_FEE_CHANGE, FSS_BAP_GH_GROUPS, FSS_BAP_GH_GROUPS_FUNDS, FSS_BAP_GH_OPERATIONS, FSS_BAP_GH_PRODUCT, FSS_BAP_GH_REGIONAL, FSS_BAP_GH_SALES, FSS_BAP_HK_GROUPS, FSS_BAP_HK_GROUPS_FUNDS, FSS_BAP_HK_OPERATIONS, FSS_BAP_HK_PRODUCT, FSS_BAP_HK_REGIONAL, FSS_BAP_HK_SALES, FSS_BAP_ID_GROUPS, FSS_BAP_ID_GROUPS_FUNDS, FSS_BAP_ID_OPERATIONS, FSS_BAP_ID_PRODUCT, FSS_BAP_ID_REGIONAL, FSS_BAP_ID_SALES, FSS_BAP_IN_GROUPS_FUNDS, FSS_BAP_IN_SALES, FSS_BAP_IN_OPERATIONS, FSS_BAP_IN_PRODUCT, FSS_BAP_IN_REGIONAL, FSS_BAP_IN_GROUPS, FSS_BAP_JP_GROUPS, FSS_BAP_JP_GROUPS_FUNDS, FSS_BAP_JP_OPERATIONS, FSS_BAP_JP_PRODUCT, FSS_BAP_JP_REGIONAL, FSS_BAP_JP_SALES, FSS_BAP_KE_GROUPS, FSS_BAP_KE_GROUPS_FUNDS, FSS_BAP_KE_OPERATIONS, FSS_BAP_KE_PRODUCT, FSS_BAP_KE_REGIONAL, FSS_BAP_KE_SALES, FSS_BAP_LK_GROUPS, FSS_BAP_LK_GROUPS_FUNDS, FSS_BAP_LK_OPERATIONS, FSS_BAP_LK_PRODUCT, FSS_BAP_LK_REGIONAL, FSS_BAP_LK_SALES, FSS_BAP_MU_GROUPS, FSS_BAP_MU_GROUPS_FUNDS, FSS_BAP_MU_OPERATIONS, FSS_BAP_MU_PRODUCT, FSS_BAP_MU_REGIONAL, FSS_BAP_MU_SALES, FSS_BAP_NG_GROUPS, FSS_BAP_NG_GROUPS_FUNDS, FSS_BAP_NG_OPERATIONS, FSS_BAP_NG_PRODUCT, FSS_BAP_NG_REGIONAL, FSS_BAP_NG_SALES, FSS_BAP_OM_GROUPS, FSS_BAP_OM_GROUPS_FUNDS, FSS_BAP_OM_OPERATIONS, FSS_BAP_OM_PRODUCT, FSS_BAP_OM_REGIONAL, FSS_BAP_OM_SALES, FSS_BAP_PH_GROUPS, FSS_BAP_PH_GROUPS_FUNDS, FSS_BAP_PH_OPERATIONS, FSS_BAP_PH_PRODUCT, FSS_BAP_PH_REGIONAL, FSS_BAP_PH_SALES, FSS_BAP_QA_GROUPS, FSS_BAP_QA_GROUPS_FUNDS, FSS_BAP_QA_OPERATIONS, FSS_BAP_QA_PRODUCT, FSS_BAP_QA_REGIONAL, FSS_BAP_QA_SALES, FSS_BAP_SA_GROUPS, FSS_BAP_SA_GROUPS_FUNDS, FSS_BAP_SA_OPERATIONS, FSS_BAP_SA_PRODUCT, FSS_BAP_SA_REGIONAL, FSS_BAP_SA_SALES, FSS_BAP_SG_GROUPS, FSS_BAP_SG_GROUPS_FUNDS, FSS_BAP_SG_OPERATIONS, FSS_BAP_SG_PRODUCT, FSS_BAP_SG_REGIONAL, FSS_BAP_SG_SALES, FSS_BAP_TH_GROUPS, FSS_BAP_TH_GROUPS_FUNDS, FSS_BAP_TH_OPERATIONS, FSS_BAP_TH_PRODUCT, FSS_BAP_TH_REGIONAL, FSS_BAP_TH_SALES, FSS_BAP_TW_GROUPS, FSS_BAP_TW_GROUPS_FUNDS, FSS_BAP_TW_OPERATIONS, FSS_BAP_TW_PRODUCT, FSS_BAP_TW_REGIONAL, FSS_BAP_TW_SALES, FSS_BAP_TZ_GROUPS, FSS_BAP_TZ_GROUPS_FUNDS, FSS_BAP_TZ_OPERATIONS, FSS_BAP_TZ_PRODUCT, FSS_BAP_TZ_REGIONAL, FSS_BAP_TZ_SALES, FSS_BAP_UG_GROUPS, FSS_BAP_UG_GROUPS_FUNDS, FSS_BAP_UG_OPERATIONS, FSS_BAP_UG_PRODUCT, FSS_BAP_UG_REGIONAL, FSS_BAP_UG_SALES, FSS_BAP_UK_GROUPS, FSS_BAP_UK_GROUPS_FUNDS, FSS_BAP_UK_OPERATIONS, FSS_BAP_UK_PRODUCT, FSS_BAP_UK_REGIONAL, FSS_BAP_UK_SALES, FSS_BAP_US_GROUPS, FSS_BAP_US_GROUPS_FUNDS, FSS_BAP_US_OPERATIONS, FSS_BAP_US_PRODUCT, FSS_BAP_US_SALES, FSS_BAP_VN_GROUPS, FSS_BAP_VN_GROUPS_FUNDS, FSS_BAP_VN_OPERATIONS, FSS_BAP_VN_PRODUCT, FSS_BAP_VN_REGIONAL, FSS_BAP_VN_SALES, FSS_BAP_ZA_GROUPS, FSS_BAP_ZA_GROUPS_FUNDS, FSS_BAP_ZA_OPERATIONS, FSS_BAP_ZA_PRODUCT, FSS_BAP_ZA_REGIONAL, FSS_BAP_ZA_SALES, FSS_BAP_ZM_GROUPS, FSS_BAP_ZM_GROUPS_FUNDS, FSS_BAP_ZM_OPERATIONS, FSS_BAP_ZM_PRODUCT, FSS_BAP_ZM_REGIONAL, FSS_BAP_ZM_SALES, FSS_BAP_ZW_GROUPS, FSS_BAP_ZW_GROUPS_FUNDS, FSS_BAP_ZW_OPERATIONS, FSS_BAP_ZW_PRODUCT, FSS_BAP_ZW_REGIONAL, FSS_BAP_ZW_SALES,FSS_BAP_GLOBAL_PRODUCT_FUNDS, FSS_BAP_VN_REGIONAL_PRODUCT, FSS_BAP_VN_COUNTRY_PRODUCT, FSS_BAP_AE_COUNTRY_PRODUCT, FSS_BAP_AE_REGIONAL_PRODUCT, FSS_BAP_BD_COUNTRY_PRODUCT, FSS_BAP_BD_REGIONAL_PRODUCT, FSS_BAP_BH_COUNTRY_PRODUCT, FSS_BAP_BH_REGIONAL_PRODUCT, FSS_BAP_BW_COUNTRY_PRODUCT, FSS_BAP_BW_REGIONAL_PRODUCT, FSS_BAP_CI_COUNTRY_PRODUCT, FSS_BAP_CI_REGIONAL_PRODUCT, FSS_BAP_CN_COUNTRY_PRODUCT, FSS_BAP_CN_REGIONAL_PRODUCT, FSS_BAP_EG_COUNTRY_PRODUCT, FSS_BAP_EG_REGIONAL_PRODUCT, FSS_BAP_GH_COUNTRY_PRODUCT, FSS_BAP_GH_REGIONAL_PRODUCT, FSS_BAP_HK_REGIONAL_PRODUCT, FSS_BAP_ID_COUNTRY_PRODUCT, FSS_BAP_ID_REGIONAL_PRODUCT, FSS_BAP_IN_COUNTRY_PRODUCT, FSS_BAP_IN_REGIONAL_PRODUCT, FSS_BAP_KE_COUNTRY_PRODUCT, FSS_BAP_KE_REGIONAL_PRODUCT, FSS_BAP_LK_COUNTRY_PRODUCT, FSS_BAP_LK_REGIONAL_PRODUCT, FSS_BAP_MU_COUNTRY_PRODUCT, FSS_BAP_MU_REGIONAL_PRODUCT, FSS_BAP_NG_COUNTRY_PRODUCT, FSS_BAP_NG_REGIONAL_PRODUCT, FSS_BAP_OM_COUTRY_PRODUCT, FSS_BAP_OM_REGIONAL_PRODUCT, FSS_BAP_PH_COUNTRY_PRODUCT, FSS_BAP_PH_REGIONAL_PRODUCT, FSS_BAP_QA_COUTRY_PRODUCT, FSS_BAP_QA_REGIONAL_PRODUCT, FSS_BAP_SA_COUNTRY_PRODUCT, FSS_BAP_SA_REGIONAL_PRODUCT, FSS_BAP_SG_COUNTRY_PRODUCT, FSS_BAP_SG_REGIONAL_PRODUCT, FSS_BAP_TH_COUNTRY_PRODUCT, FSS_BAP_TH_REGIONAL_PRODUCT, FSS_BAP_TW_COUNTRY_PRODUCT, FSS_BAP_TW_REGIONAL_PRODUCT, FSS_BAP_TZ_COUNTRY_PRODUCT, FSS_BAP_TZ_REGIONAL_PRODUCT, FSS_BAP_UG_COUNTRY_PRODUCT, FSS_BAP_UG_REGIONAL_PRODUCT, FSS_BAP_ZA_COUNTRY_PRODUCT, FSS_BAP_ZA_REGIONAL_PRODUCT, FSS_BAP_ZM_COUNTRY_PRODUCT, FSS_BAP_ZM_REGIONAL_PRODUCT","FMO_PORTAL_SERVICE","FM_BPMS.SUPPORT@sc.com","FSS_PROD","FSS Business Acceptance Portal","darkIcons/icon01.svg","lightIcons/icon01.svg","mfe_fssservices_bap_tiles","","bap","BAP Digitization","FMO Portal Service",23,NULL,""
True,False,5,24,"2025-02-20 07:14:20.49174",24,"2026-09-18 13:38:26.478","FSSFA_REFERENCE_ID, FSSFA_REFERENCE_MY, FSSFA_REFERENCE_PH, FSSFA_REFERENCE_SG, FSSFA_REFERENCE_TH, FSSFA_REFERENCE_VN, FSSFA_REFERENCE_HK,FSSFA_COE_PH,FSSFA_COE_HK,FSSFA_COE_VN,FSSFA_COE_SG","FMO_PORTAL_SERVICE","FM_BPMS.SUPPORT@sc.com","FSS_PROD","FSS Fee Accrual Reference","darkIcons/icon01.svg","lightIcons/icon01.svg","fss_feeaccrual_reference","","fa-reference","FA - Reference","FMO Portal Service",24,NULL,""
True,False,5,25,"2025-02-20 07:14:20.49174",24,"2026-09-18 13:38:26.479","FSSFA_CORE_ID, FSSFA_CORE_MY, FSSFA_CORE_PH, FSSFA_CORE_SG, FSSFA_CORE_TH, FSSFA_CORE_VN, FSSFA_CORE_HK","FMO_PORTAL_SERVICE","FM_BPMS.SUPPORT@sc.com","FSS_PROD","FSS Fee Accrual Core","darkIcons/icon01.svg","lightIcons/icon01.svg","fss_feeaccrual_transaction","","fa-transaction","FA - Transaction","FMO Portal Service",25,NULL,""
True,False,5,26,"2025-02-20 07:14:20.49174",24,"2026-09-18 13:38:26.48","FSSPS_COE_ETF_CN, FSSPS_COE_FSPAYMENT_ID,FSSFA_COE_PH,FSSFA_COE_HK,FSSFA_COE_VN,FSSFA_COE_SG","FMO_PORTAL_SERVICE","FM_BPMS.SUPPORT@sc.com","FSS_PROD","FSS Services Payments COE","darkIcons/icon01.svg","lightIcons/icon01.svg","fss_rules_management","","fssrules","FSS Rules Management","FMO Portal Service",26,NULL,""
False,False,7,28,"2025-02-20 07:14:20.49174",10,"2026-09-16 09:48:43.004","X_RATANONE","FMO_PORTAL_SERVICE","FM_BPMS.SUPPORT@sc.com","RATAN_PROD","RATAN_MO_EXCEPTION","darkIcons/icon11.svg","lightIcons/icon11.svg","exceptions_blotter","","m7_platform_security_treats","Security Threats","FMO Portal Service",28,NULL,""
True,False,8,29,"2025-02-20 07:14:20.49174",10,"2026-09-16 09:48:43.006","X_RATANONE","FMO_PORTAL_SERVICE","FM_BPMS.SUPPORT@sc.com","RATAN_PROD","RATAN_PROFILE_LIMITS","darkIcons/icon09.svg","lightIcons/icon09.svg","cashflow_blotter_cn","","cashflow_authorization_limits","Authorization Limits","FMO Portal Service",29,"{""expression"": ""!#root['Entity.Booking_Entity_SCI_FMID'].?[#this != '8'].isEmpty()"", ""filterType"": ""ems3"", ""parameters"": {""appId"": ""51358"", ""appName"": ""RATAN_ENTITLEMENT_RULE""}}","Global"
True,False,8,30,"2025-02-20 07:14:20.49174",10,"2026-09-16 09:48:43.009","X_RATANONE","FMO_PORTAL_SERVICE","FM_BPMS.SUPPORT@sc.com","RATAN_PROD","RATAN_SETTLEMENT_STP_RULE","darkIcons/rules.dark.svg","lightIcons/rules.light.svg","rules_blotter","New","new_nstp_rules","Settlement NSTP Rules","FMO Portal Service",30,"{""expression"": ""!#root['Entity.Booking_Entity_SCI_FMID'].?[#this != '8'].isEmpty()"", ""filterType"": ""ems3"", ""parameters"": {""appId"": ""51358"", ""appName"": ""RATAN_ENTITLEMENT_RULE""}}","Global"
True,False,8,31,"2025-02-20 07:14:20.49174",10,"2026-09-16 09:48:43.011","X_RATANONE","FMO_PORTAL_SERVICE","FM_BPMS.SUPPORT@sc.com","RATAN_PROD","RATAN_SETTLEMENT_STP_RULE","darkIcons/rules.dark.svg","lightIcons/rules.light.svg","rules_blotter","[FX & Equity]","settlement_nstp_rules","Settlement NSTP Rules","FMO Portal Service",31,NULL,""
True,False,8,32,"2025-02-20 07:14:20.49174",10,"2026-09-16 09:48:43.013","X_RATANONE","FMO_PORTAL_SERVICE","FM_BPMS.SUPPORT@sc.com","RATAN_PROD","RATAN_SUPPRESSION_RULE","darkIcons/suppression.rules.svg","lightIcons/suppression.rules.svg","rules_blotter","","suppression_rules","Suppression Rules","FMO Portal Service",32,NULL,""
True,False,8,33,"2025-02-20 07:14:20.49174",10,"2026-09-16 09:48:43.015","X_RATANONE","FMO_PORTAL_SERVICE","FM_BPMS.SUPPORT@sc.com","RATAN_PROD","RATAN_SUPPRESSION_RULE","darkIcons/suppression.rules.svg","lightIcons/suppression.rules.svg","rules_blotter","[Swift]","swift_suppression_rules","Suppression Rules","FMO Portal Service",33,"{""expression"": ""!#root['Entity.Booking_Entity_SCI_FMID'].?[#this != '8'].isEmpty()"", ""filterType"": ""ems3"", ""parameters"": {""appId"": ""51358"", ""appName"": ""RATAN_ENTITLEMENT_RULE""}}","Global"
True,False,8,34,"2025-02-20 07:14:20.49174",10,"2026-09-16 09:48:43.017","X_RATANONE","FMO_PORTAL_SERVICE","FM_BPMS.SUPPORT@sc.com","RATAN_PROD","RATAN_SUPPRESSION_RULE","darkIcons/suppression.rules.svg","lightIcons/suppression.rules.svg","rules_blotter","[Cashflow]","cashflow_suppression_rules","Suppression Rules","FMO Portal Service",34,"{""expression"": ""!#root['Entity.Booking_Entity_SCI_FMID'].?[#this != '8'].isEmpty()"", ""filterType"": ""ems3"", ""parameters"": {""appId"": ""51358"", ""appName"": ""RATAN_ENTITLEMENT_RULE""}}","Global"
True,False,8,35,"2025-02-20 07:14:20.49174",10,"2026-09-16 09:48:43.019","X_RATANONE","FMO_PORTAL_SERVICE","FM_BPMS.SUPPORT@sc.com","RATAN_PROD","RATAN_MO_RULE","darkIcons/rules.dark.svg","lightIcons/rules.light.svg","rules_blotter","","mo_rules","MO Rules","FMO Portal Service",35,NULL,""
True,False,9,36,"2025-02-20 07:14:20.49174",10,"2026-09-16 09:48:43.021","X_RATANONE","FMO_PORTAL_SERVICE","FM_BPMS.SUPPORT@sc.com","RATAN_PROD","RATAN_CASHFLOW_BLOTTER","darkIcons/cashflow.dark.svg","lightIcons/cashflow.light.svg","cashflow_blotter","[FX & Equity]","cashflow_bau","Cashflow Blotter","FMO Portal Service",36,NULL,""
True,False,9,37,"2025-02-20 07:14:20.49174",10,"2026-09-16 09:48:43.022","X_RATANONE","FMO_PORTAL_SERVICE","FM_BPMS.SUPPORT@sc.com","RATAN_PROD","RATAN_STRATEGIC_CASHFLOW_BLOTTER","darkIcons/cn.settlement.dark.svg","lightIcons/cn.settlement.light.svg","cashflow_blotter_cn","","cashflow_cn","Cashflow Blotter","FMO Portal Service",37,"{""expression"": ""!#root['Entity.Booking_Entity_SCI_FMID'].?[#this != '8'].isEmpty()"", ""filterType"": ""ems3"", ""parameters"": {""appId"": ""51358"", ""appName"": ""RATAN_ENTITLEMENT_RULE""}}","Global"
True,False,9,38,"2025-02-20 07:14:20.49174",10,"2026-09-16 09:48:43.024","X_RATANONE","FMO_PORTAL_SERVICE","FM_BPMS.SUPPORT@sc.com","RATAN_PROD","RATAN_CASHFLOW_GROUP_BLOTTER","darkIcons/cashflow.dark.svg","lightIcons/cashflow.light.svg","cashflow_blotter_cn","","cashflow_group_management","Grouping Blotter","FMO Portal Service",38,"{""expression"": ""!#root['Entity.Booking_Entity_SCI_FMID'].?[#this != '8'].isEmpty()"", ""filterType"": ""ems3"", ""parameters"": {""appId"": ""51358"", ""appName"": ""RATAN_ENTITLEMENT_RULE""}}","Global"
True,False,9,39,"2025-02-20 07:14:20.49174",10,"2026-09-16 09:48:43.026","X_RATANONE","FMO_PORTAL_SERVICE","FM_BPMS.SUPPORT@sc.com","RATAN_PROD","RATAN_STRATEGIC_CASHFLOW_BLOTTER","darkIcons/cashflow.dark.svg","lightIcons/cashflow.light.svg","cashflow_blotter_cn","","cashflow_cn_dashboard","Cashflow Dashboard","FMO Portal Service",39,"{""expression"": ""!#root['Entity.Booking_Entity_SCI_FMID'].?[#this != '8'].isEmpty()"", ""filterType"": ""ems3"", ""parameters"": {""appId"": ""51358"", ""appName"": ""RATAN_ENTITLEMENT_RULE""}}","Global"
True,False,11,43,"2025-02-20 07:14:20.49174",30,"2025-02-20 07:14:20.49174","SSIPLUS","FMO_PORTAL_SERVICE","FM-TPT-JavaX-Studio@exchange.standardchartered.com","SSIPLUS_PROD","SEARCH","darkIcons/icon01.svg","lightIcons/icon01.svg","ssi","","search","SSI","FMO_PORTAL_SERVICE",43,NULL,NULL
True,False,11,44,"2025-02-20 07:14:20.49174",30,"2025-02-20 07:14:20.49174","SSIPLUS","FMO_PORTAL_SERVICE","FM-TPT-JavaX-Studio@exchange.standardchartered.com","SSIPLUS_PROD","STATIC","darkIcons/icon02.svg","lightIcons/icon02.svg","ssi","","static","Static","FMO_PORTAL_SERVICE",44,NULL,NULL
True,False,11,45,"2025-02-20 07:14:20.49174",30,"2025-02-20 07:14:20.49174","SSIPLUS","FMO_PORTAL_SERVICE","FM-TPT-JavaX-Studio@exchange.standardchartered.com","SSIPLUS_PROD","VALIDATIONRULES","darkIcons/icon02.svg","lightIcons/icon02.svg","ssi","","validationrules","Validation rules and Market filter set","FMO_PORTAL_SERVICE",45,NULL,NULL
True,False,11,46,"2025-02-20 07:14:20.49174",30,"2025-02-20 07:14:20.49174","SSIPLUS","FMO_PORTAL_SERVICE","FM-TPT-JavaX-Studio@exchange.standardchartered.com","SSIPLUS_PROD","WORKQUEUE","darkIcons/icon02.svg","lightIcons/icon02.svg","ssi","","queues","Work Queues","FMO_PORTAL_SERVICE",46,NULL,NULL
True,False,11,47,"2025-02-20 07:14:20.49174",30,"2025-02-20 07:14:20.49174","SSIPLUS","FMO_PORTAL_SERVICE","FM-TPT-JavaX-Studio@exchange.standardchartered.com","SSIPLUS_PROD","IMPORTEXPORT","darkIcons/icon02.svg","lightIcons/icon02.svg","ssi","","import_export","Import/Export","FMO_PORTAL_SERVICE",47,NULL,NULL
True,False,12,48,"2025-02-20 07:14:20.49174",32,"2026-04-09 02:18:08.922","STAMP_STATIC","FMO_PORTAL_SERVICE","MLS_BAU@sc.com","STAMP_ADMIN","Mapping Query","darkIcons/icon01.svg","lightIcons/icon01.svg","stamp","","stamp-mappingquery","Mapping Query","1604901",48,NULL,NULL
True,False,12,49,"2025-02-20 07:14:20.49174",32,"2025-02-20 07:14:20.49174","STAMP_STATIC","FMO_PORTAL_SERVICE","MLS_BAU@sc.com","STAMP_ADMIN","Audit","darkIcons/icon02.svg","lightIcons/icon02.svg","stamp","","stamp-audit","Audit","FMO_PORTAL_SERVICE",49,NULL,NULL
True,False,13,50,"2025-02-20 07:14:20.49174",10,"2026-09-16 09:48:43.028","X_RATANONE","FMO_PORTAL_SERVICE","FM_BPMS.SUPPORT@sc.com","RATAN_PROD","RATAN_NETTING_RULE","darkIcons/rules.dark.svg","lightIcons/rules.light.svg","rules_blotter","","new_netting_rules","Netting Static","FMO Portal Service",50,"{""expression"": ""!#root['Entity.Booking_Entity_SCI_FMID'].?[#this != '8'].isEmpty()"", ""filterType"": ""ems3"", ""parameters"": {""appId"": ""51358"", ""appName"": ""RATAN_ENTITLEMENT_RULE""}}","Global"
True,False,13,51,"2025-02-20 07:14:20.49174",10,"2026-09-16 09:48:43.03","X_RATANONE","FMO_PORTAL_SERVICE","FM_BPMS.SUPPORT@sc.com","RATAN_PROD","RATAN_NOSTRO_BLOTTER","darkIcons/rules.dark.svg","lightIcons/rules.light.svg","nostro_static_container","","nostro_static","Nostro Static","FMO Portal Service",51,"{""expression"": ""!#root['Entity.Booking_Entity_SCI_FMID'].?[#this != '8'].isEmpty()"", ""filterType"": ""ems3"", ""parameters"": {""appId"": ""51358"", ""appName"": ""RATAN_ENTITLEMENT_RULE""}}","Global"
True,False,13,52,"2025-02-20 07:14:20.49174",10,"2026-09-16 09:48:43.033","X_RATANONE","FMO_PORTAL_SERVICE","FM_BPMS.SUPPORT@sc.com","RATAN_PROD","RATAN_NETTING_RULE","darkIcons/rules.dark.svg","lightIcons/rules.light.svg","cashflow_blotter_cn","","cashflow_bic_netting_static_table","BIC Netting Static","FMO Portal Service",52,"{""expression"": ""!#root['Entity.Booking_Entity_SCI_FMID'].?[#this != '8'].isEmpty()"", ""filterType"": ""ems3"", ""parameters"": {""appId"": ""51358"", ""appName"": ""RATAN_ENTITLEMENT_RULE""}}","Global"
True,False,13,53,"2025-02-20 07:14:20.491",10,"2025-04-09 04:39:19.669","X_RATANONE","FMO_PORTAL_SERVICE","FM_BPMS.SUPPORT@sc.com","RATAN_PROD","RATAN_NETTING_RULE","darkIcons/rules.dark.svg","lightIcons/rules.light.svg","ratan_config_management","","ratan_config_management","Ratan Config Management","FMO Portal Service",53,NULL,NULL
True,False,15,54,"2025-02-20 07:14:20.49174",10,"2026-09-16 09:48:43.035","X_RATANONE","FMO_PORTAL_SERVICE","FM_BPMS.SUPPORT@sc.com","RATAN_PROD","RATAN_TRADE_BLOTTER","darkIcons/trade.dark.svg","lightIcons/trade.light.svg","trade_blotter","","trade","Trade Blotter","FMO Portal Service",54,NULL,""
True,True,2,65,"2025-02-20 07:14:20.49174",7,"2025-02-20 07:14:20.49174","","FMO_PORTAL_SERVICE","","FMO_ADMIN","","darkIcons/icon01.svg","lightIcons/icon01.svg","template","","tile1","Date Range Picker Example","FMO_PORTAL_SERVICE",65,NULL,NULL
True,True,2,66,"2025-02-20 07:14:20.49174",7,"2025-02-20 07:14:20.49174","","FMO_PORTAL_SERVICE","","FMO_ADMIN","","darkIcons/icon02.svg","lightIcons/icon02.svg","template","","modal","Modal Example","FMO_PORTAL_SERVICE",66,NULL,NULL
True,True,2,67,"2025-02-20 07:14:20.49174",7,"2025-02-20 07:14:20.49174","","FMO_PORTAL_SERVICE","","FMO_ADMIN","","darkIcons/icon03.svg","lightIcons/icon03.svg","template","3 Grid","tile4","Search Block","FMO_PORTAL_SERVICE",67,NULL,NULL
True,True,2,68,"2025-02-20 07:14:20.49174",7,"2025-02-20 07:14:20.49174","","FMO_PORTAL_SERVICE","","FMO_ADMIN","","darkIcons/icon04.svg","lightIcons/icon04.svg","template","4 Grid","tile5","Search Block","FMO_PORTAL_SERVICE",68,NULL,NULL
True,True,2,69,"2025-02-20 07:14:20.49174",7,"2025-02-20 07:14:20.49174","","FMO_PORTAL_SERVICE","","FMO_ADMIN","","darkIcons/icon05.svg","lightIcons/icon05.svg","template","","simpletable","Simple Table","FMO_PORTAL_SERVICE",69,NULL,NULL
True,True,2,70,"2025-02-20 07:14:20.49174",7,"2025-02-20 07:14:20.49174","","FMO_PORTAL_SERVICE","","FMO_ADMIN","","darkIcons/icon06.svg","lightIcons/icon06.svg","template","","gridtooltable","Grid Tool Table","FMO_PORTAL_SERVICE",70,NULL,NULL
True,True,2,71,"2025-02-20 07:14:20.49174",7,"2025-02-20 07:14:20.49174","","FMO_PORTAL_SERVICE","","FMO_ADMIN","","darkIcons/icon07.svg","lightIcons/icon07.svg","template","","routingtile","Routing Tile","FMO_PORTAL_SERVICE",71,NULL,NULL
True,True,2,72,"2025-02-20 07:14:20.49174",7,"2025-02-20 07:14:20.49174","","FMO_PORTAL_SERVICE","","FMO_ADMIN","","darkIcons/icon08.svg","lightIcons/icon08.svg","template","","modal","Inbound Blotter","FMO_PORTAL_SERVICE",72,NULL,NULL
True,True,2,73,"2025-02-20 07:14:20.49174",7,"2025-03-12 03:36:41.45","","FMO_PORTAL_SERVICE","","FMO_ADMIN","","darkIcons/icon09.svg","lightIcons/icon09.svg","template","","analytics","Analytics","2001208",73,NULL,NULL
True,False,6,74,"2025-02-20 07:14:20.49174",27,"2025-03-21 07:24:41.968","LoanIQIL_UI","FMO_PORTAL_SERVICE","","srv.liquser.001","/LoanIQIL_UI","darkIcons/icon11.svg","lightIcons/icon11.svg","template","","LoanIQIL_UI","LoanIQ UI","1626741",74,NULL,NULL
True,True,2,79,"2025-02-20 07:14:20.49174",7,"2025-02-20 07:14:20.49174"," ","FMO_PORTAL_SERVICE",NULL,"FMO_ADMIN"," ","darkIcons/icon01.svg","lightIcons/icon01.svg","template",NULL,"template_tile_fdc3_1","FDC3 Consumer","FMO_PORTAL_SERVICE",79,NULL,NULL
True,True,2,80,"2025-02-20 07:14:20.49174",7,"2025-02-20 07:14:20.49174"," ","FMO_PORTAL_SERVICE"," ","FMO_ADMIN"," ","darkIcons/icon01.svg","lightIcons/icon01.svg","template",NULL,"template_tile_fdc3_2","FDC3 Provider","FMO_PORTAL_SERVICE",80,NULL,NULL
True,False,3,94,"2025-02-20 07:14:20.49174",52,"2025-02-20 07:14:20.49174","CDUPS","FMO_PORTAL_SERVICE","CDU_Platform_Services-Core@exchange.standardchartered.com","CDUPS_ADMIN","trade.tradedetails.view","darkIcons/icon11.svg","lightIcons/icon11.svg","cdups-main","","confirmations-outbound","Outbound Blotter","FMO_PORTAL_SERVICE",94,NULL,NULL
True,False,3,95,"2025-02-20 07:14:20.49174",52,"2025-02-20 07:14:20.49174","CDUPS","FMO_PORTAL_SERVICE","CDU_Platform_Services-Core@exchange.standardchartered.com","CDUPS_ADMIN","inbounddocs.view","darkIcons/icon11.svg","lightIcons/icon11.svg","cdups-main","","confirmations-inbound","Inbound Blotter","FMO_PORTAL_SERVICE",95,NULL,NULL
True,False,30,96,"2025-12-02 10:48:46.276",55,"2025-12-02 10:48:46.276","FMCES","FMO Portal Service","","srv.ems2.001","fmces_tiles","darkIcons/icon01.svg","lightIcons/icon01.svg","mfe_ems3_tiles","","mfe_ems3_tiles","FMCES","FMO Portal Service",96,NULL,NULL
True,False,5,98,"2025-02-20 07:14:20.49174",24,"2026-09-18 13:38:26.482","FSSBI_EVAT_GH,FSSBI_EVAT_MY","FMO_PORTAL_SERVICE","FM_BPMS.SUPPORT@sc.com","FSS_PROD","FSS Billing EVAT","darkIcons/icon11.svg","lightIcons/icon11.svg","fss_billing_evat","","billing-evat","Billing - EVAT","FMO Portal Service",98,NULL,""
True,False,5,100,"2025-02-20 07:14:20.49174",24,"2026-09-18 13:38:26.483","FSS_MOSAIC_TH, FSS_MOSAIC_CN, FSS_MOSAIC_PH, FSS_MOSAIC_ZA, FSS_MOSAIC_SA","FMO_PORTAL_SERVICE","FM_BPMS.SUPPORT@sc.com","FSS_PROD","FSS Services Mosaic","darkIcons/icon01.svg","lightIcons/icon01.svg","fss_mosaic","","fssMosaic","FSS Mosaic","FMO Portal Service",100,NULL,""
True,True,2,101,"2026-04-13 09:14:20.491",7,"2026-04-13 09:14:20.491","","FMO_PORTAL_SERVICE","","FMO_ADMIN","","darkIcons/icon05.svg","lightIcons/icon05.svg","template","","interoperability-intent-navigation","Interop Navigation","FMO_PORTAL_SERVICE",78,NULL,NULL
False,True,2,102,"2025-04-01 01:43:51.134",6,"2025-04-01 01:44:42.595","test","2001208","test@test.com","FMO_ADMIN","test","darkIcons/cashflow.dark.svg","lightIcons/cashflow.light.svg","test","test","test","test","2001208",77,NULL,NULL
True,False,8,104,"2025-06-11 10:44:12.065",10,"2026-09-16 09:48:43.038","X_RATANONE","FMO Portal Service","FM_BPMS.SUPPORT@sc.com","RATAN_PROD","RATAN_FM_COO_RULE","darkIcons/icon05.svg","lightIcons/icon05.svg","rules_blotter","","fm_coo_rules","FM COO Rules","FMO Portal Service",40,NULL,""
True,False,4,105,"2025-06-11 10:44:12.066",10,"2026-09-16 09:48:43.04","X_RATANONE","FMO Portal Service","FM_BPMS.SUPPORT@sc.com","RATAN_PROD","RATAN_FM_COO_EXCEPTION","darkIcons/icon03.svg","lightIcons/icon03.svg","exceptions_blotter","","fm_coo_exceptions","FM COO Exceptions","FMO Portal Service",41,NULL,""
True,False,5,106,"2025-04-02 10:11:52.382",24,"2026-09-18 13:38:26.484","FSS_EXCEPTION_DASHBOARD_MY, FSS_EXCEPTION_DASHBOARD_AE, FSS_EXCEPTION_DASHBOARD_BD, FSS_EXCEPTION_DASHBOARD_BH, FSS_EXCEPTION_DASHBOARD_BW, FSS_EXCEPTION_DASHBOARD_CI, FSS_EXCEPTION_DASHBOARD_CN, FSS_EXCEPTION_DASHBOARD_DC, FSS_EXCEPTION_DASHBOARD_EG, FSS_EXCEPTION_DASHBOARD_GH, FSS_EXCEPTION_DASHBOARD_HK-DOMESTIC, FSS_EXCEPTION_DASHBOARD_HK-IC, FSS_EXCEPTION_DASHBOARD_IN, FSS_EXCEPTION_DASHBOARD_KE, FSS_EXCEPTION_DASHBOARD_KR, FSS_EXCEPTION_DASHBOARD_LK, FSS_EXCEPTION_DASHBOARD_MU-DOMESTIC, FSS_EXCEPTION_DASHBOARD_MU-IC, FSS_EXCEPTION_DASHBOARD_NG, FSS_EXCEPTION_DASHBOARD_OM, FSS_EXCEPTION_DASHBOARD_PH, FSS_EXCEPTION_DASHBOARD_PK, FSS_EXCEPTION_DASHBOARD_QA, FSS_EXCEPTION_DASHBOARD_SA, FSS_EXCEPTION_DASHBOARD_SG-DOMESTIC, FSS_EXCEPTION_DASHBOARD_SG-IC, FSS_EXCEPTION_DASHBOARD_TH, FSS_EXCEPTION_DASHBOARD_TW, FSS_EXCEPTION_DASHBOARD_TZ, FSS_EXCEPTION_DASHBOARD_UG, FSS_EXCEPTION_DASHBOARD_VN, FSS_EXCEPTION_DASHBOARD_ZA, FSS_EXCEPTION_DASHBOARD_ZM, FSS_EXCEPTION_DASHBOARD_US","2015399","FM_BPMS.SUPPORT@sc.com","FSS_PROD","FSS EXCEPTION DASHBOARD","darkIcons/icon11.svg","lightIcons/icon11.svg","fss_exception_management","","exception-management","Exception Management","FMO Portal Service",106,NULL,""
True,False,32,108,"2025-04-09 10:44:32.966",66,"2026-09-17 03:35:48.167","FLOW_ZERO","2000115","FM_BPMS.SUPPORT@sc.com","RATAN_PROD","FLOW_ZERO_RAISE REQUEST","darkIcons/cn.settlement.dark.svg","lightIcons/cn.settlement.light.svg","flowzero","","home","Flowzero","1490627",108,NULL,""
True,False,33,109,"2025-04-17 02:18:09.614",10,"2025-04-17 03:22:15.101","X_RATANONE","1243644","liam.li@sc.com","RATAN_PROD","RATAN_VALIDATION_EXCEPTION","darkIcons/cn.settlement.dark.svg","lightIcons/cashflow.light.svg","cashflow_blotter","Verification Sample Tile - testing purpose1","cashflow_bau","Verification Sample Tile1","2000115",109,NULL,NULL
False,False,36,112,"2025-06-05 02:16:19.312",68,"2026-07-29 11:02:08.786","FSS_UI_RF_ID,FSSDS_UI_RF_GL-CUS-TS,FSSDS_UI_RF_HK-CUS-TS,FSSDS_UI_RF_SG-CUS-TS,FSSDS_UI_RF_GL-FSS-PSS,FSSDS_UI_RF_SG-FSS-PSS,FSSDS_UI_RF_HK-FSS-PSS,FSSDS_UI_RF_PH-CUS-TS","2013618","FM_BPMS.SUPPORT@sc.com","srv.54865.fssdatastore.001","FSS Datastore Reporting Framework","darkIcons/icon14.svg","lightIcons/icon14.svg","fssds_test_rf_report","","rf-report","Reporting Framework","1412399",112,NULL,NULL
True,False,8,114,"2025-06-11 09:22:26.688",10,"2026-09-16 09:48:43.045","X_RATANONE","2000115","FM_BPMS.SUPPORT@sc.com","RATAN_PROD","RATAN_MO_RULE","darkIcons/rules.dark.svg","lightIcons/rules.light.svg","rules_blotter","","ca_rules","C&A Rules","FMO Portal Service",114,NULL,""
True,False,4,115,"2025-06-12 08:35:12.493",10,"2026-09-16 09:48:43.043","X_RATANONE","2000115","FM_BPMS.SUPPORT@sc.com","RATAN_PROD","RATAN_MO_EXCEPTION","darkIcons/exception.dark.svg","lightIcons/exception.light.svg","exceptions_blotter","","ca_exceptions","C&A Exceptions","FMO Portal Service",115,NULL,""
True,True,38,117,"2025-06-18 06:42:26.666",64,"2025-06-19 06:42:21.267","X_RATANONE","1622463","FM_BPMS.SUPPORT@sc.com","RATAN_PROD","RATAN_TEST_PORTAL_RATAN","darkIcons/icon01.svg","lightIcons/icon01.svg","test_portal_ratan","","portal_reports","RATAN Test Portal","2000115",117,NULL,NULL
True,True,38,118,"2025-06-18 06:51:35.006",64,"2025-07-03 14:01:03.516","X_RATANONE","1622463","FM_BPMS.SUPPORT@sc.com","RATAN_PROD","RATAN_TEST_PORTAL_VPA","darkIcons/icon02.svg","lightIcons/icon02.svg","test_portal_vpa","","portal_reports","VPA Test Cases","2000115",118,NULL,NULL
True,False,5,119,"2025-06-19 08:20:00.354",24,"2026-09-18 13:38:26.485","FSSPS_COE_MIRRORMEMO_SG","2015399","FM_BPMS.SUPPORT@sc.com","FSS_PROD","FSS Services Payments COE","darkIcons/icon01.svg","lightIcons/icon01.svg","fss_business_rules","","business-rules","FSS Business Rules","FMO Portal Service",119,NULL,""
True,False,5,122,"2025-07-23 08:28:12.291",24,"2026-09-18 13:38:26.485","FSS_BILLING_REF_SG,FSS_BILLING_REF_HK,FSS_BILLING_REF_PH,FSS_BILLING_REF_CN,FSS_BILLING_REF_MY,FSS_BILLING_REF_VN,FSS_BILLING_REF_TH,FSS_BILLING_REF_LK,FSS_BILLING_REF_AE,FSS_BILLING_REF_DC,FSS_BILLING_REF_QA,FSS_BILLING_REF_BH,FSS_BILLING_REF_OM,FSS_BILLING_REF_SA,FSS_BILLING_REF_MU,FSS_BILLING_REF_KE,FSS_BILLING_REF_GE,FSS_BILLING_REF_ZA,FSS_BILLING_REF_ZM,FSS_BILLING_REF_GH,FSS_BILLING_REF_CI,FSS_BILLING_REF_NG,FSS_BILLING_REF_UG,FSS_BILLING_REF_TZ,FSS_BILLING_GBL_GOV_CONFIG","2015399","FM_BPMS.SUPPORT@sc.com","FSS_PROD","FSS Billing Reference","darkIcons/icon01.svg","lightIcons/icon01.svg","fss_billing","","billing","FSS Billing","FMO Portal Service",122,NULL,""
True,False,13,123,"2025-08-05 06:52:41.313",10,"2026-09-16 09:48:43.048","X_RATANONE","1603886","FM_BPMS.SUPPORT@sc.com","RATAN_PROD","RATAN_NETTING_RULE","darkIcons/rules.dark.svg","lightIcons/rules.light.svg","cashflow_blotter_cn","","cashflow_splitting_static","Nostro Threshold Static","FMO Portal Service",123,"{""expression"": ""!#root['Entity.Booking_Entity_SCI_FMID'].?[#this != '8'].isEmpty()"", ""filterType"": ""ems3"", ""parameters"": {""appId"": ""51358"", ""appName"": ""RATAN_ENTITLEMENT_RULE""}}","Global"
True,False,5,124,"2025-08-05 07:37:40.643",24,"2026-09-18 13:38:26.486","CA_DOMESTIC_SG,CA_DOMESTIC_HK,CA_DOMESTIC_CN,CA_DOMESTIC_IN,CA_DOMESTIC_AB,CA_FUTURE_FUND_DC,CA_FUTURE_FUND_HK,CA_FUTURE_FUND_GE","2015399","FM_BPMS.SUPPORT@sc.com","FSS_PROD","FSS_CA_DOMESTIC_DISBURSEMENT","darkIcons/icon11.svg","lightIcons/icon11.svg","fss_ca_domestic_disbursement","","ca_domestic_disbursement","CA Domestic","FMO Portal Service",124,NULL,""
True,False,5,125,"2025-08-05 07:39:42.124",24,"2026-09-18 13:38:26.475","FSS_BILLING_DA_REF_HK","2015399","FM_BPMS.SUPPORT@sc.com","FSS_PROD","FSS Billing Reference","darkIcons/icon11.svg","lightIcons/icon11.svg","fss_da_billing","","da_billing","FSS DA Billing","FMO Portal Service",24,NULL,""
True,False,20,130,"2025-09-02 03:28:40.654",80,"2025-11-05 02:41:57.46","SSDR_SALES,SSDR_FSS,SSDR_ADMIN,SSDR_SUPPORT,SSDR_COMMON_USER,SSDR_ANALYST,RR_BALANCE-SHEET-MANAGEMENT-KR,RR_CAPITAL-REG-RPTING-IN,RR_CIB-DATA-MGMT-GBL,RR_CIB-FM-CN,RR_CIB-FM-HK,RR_CIB-FM-ID,RR_CIB-FM-JP,RR_CIB-FM-MY,RR_CIB-FM-SG,RR_CIB-FM-CS-LNS-SPECIAL-SG,RR_CIB-FM-FX-INDEX-SG,RR_CIB-FM-FX-OPTIONS-SG,RR_CIB-FM-MAG-GBL,RR_CIB-FM-RATES-UK_US,RR_CIB-FM-SALES-REGIONAL-HK,RR_CIB-FM-SALES-REGIONAL-HK,RR_CIB-FM-SALES-REGIONAL-IN,RR_CIB-FMTPT-GBL,RR_CIB-FMTPT-GBL,RR_CLIENT-INFO-TAX-RPTING-SG,RR_COMMODITY-TRADING-GBL,RR_COO-PRODUCT-SERVICES-SG,RR_COO-PRODUCT-SERVICES-SG,RR_COUNTRY-FIANCE-GE,RR_COUNTRY-OPS-BG,RR_COUNTRY-OPS-GC,RR_COUNTRY-OPS-GE,RR_COUNTRY-OPS-ID,RR_COUNTRY-OPS-IN,RR_COUNTRY-OPS-IN,RR_COUNTRY-OPS-KR,RR_COUNTRY-OPS-MY,RR_COUNTRY-OPS-NG,RR_COUNTRY-OPS-NP,RR_COUNTRY-OPS-PK,RR_COUNTRY-OPS-TH,RR_COUNTRY-OPS-TH,RR_COUNTRY-OPS-TW,RR_COUNTRY-OPS-UAE,RR_COUNTRY-OPS-VN,RR_CREDIT-TRADING-SG,RR_FINANCE-PC-GBL,RR_FM-DORMANCY-IN,RR_FMO-CLIENT-CHANNELS-GBL,RR_FMO-COUNTRY-OPS-CN,RR_FMO-COUNTRY-OPS-LK,RR_FMO-COUNTRY-OPS-TW,RR_FMO-DATA-MANAGEMENT-GBL,RR_FMO-FXMM-OPS-GBL,RR_FMO-FXMM-OPS-IN,RR_FMO-FXMM-OPS-PH,RR_FMO-ISLAMIC-MY,RR_FMO-MI-ANALYTICS-IN,RR_FMO-MO-GBL,RR_FMO-OTC-DERIV-OPS-GBL,RR_FM-OPS-REGION-SS-CN,RR_FMO-REG-OPS-GBL,RR_FMO-REG-OPS-UK,RR_FMO-REG-OPS-UK,RR_FMO-REG-OPS-US,RR_FMO-RISK-CONTROL-GBL,RR_FMO-TREASURY-OPS-SG,RR_FM-SECURITY-OPS-GBL,RR_G10-RATES-TRADING-GBL,RR_GBS-BIZ-MANAGEMENT-MY,RR_GBS-FINANCE-GFS-IN,RR_GBS-REG-OPS-CN,RR_GLOBAL-RECON-UNIT-IN,RR_GLOBAL-RECON-UNIT-IN,RR_GRP-INTERNAL-AUDIT-GBL,RR_GSF-COMPLIANCE-HK,RR_GSF-COMPLIANCE-UAE,RR_GSF-COMPLIANCE-UK,RR_GSF-COMPLIANCE-US,RR_GSF-COUNTRY-FINANCE-CN,RR_GSF-COUNTRY-FINANCE-GE,RR_GSF-COUNTRY-FINANCE-HK,RR_GSF-COUNTRY-FINANCE-ID,RR_GSF-COUNTRY-FINANCE-KR,RR_GSF-COUNTRY-FINANCE-MY,RR_GSF-COUNTRY-FINANCE-PH,RR_GSF-COUNTRY-FINANCE-PK,RR_GSF-COUNTRY-FINANCE-TH,RR_GSF-COUNTRY-FINANCE-TH,RR_GSF-COUNTRY-FINANCE-TW,RR_GSF-COUNTRY-FINANCE-VN,RR_GSF-COUNTRY-FINANCE-ZA,RR_GSF-FIN-GRP-INVESTMENT-UK,RR_GSF-FIN-GRP-INVESTMENT-UK,RR_GSF-FIN-GRP-INVESTMENT-UK,RR_GSF-FIN-GRP-INVESTMENT-UK,RR_GSF-RISK-CI-MKTRISK-CN,RR_GSF-RISK-CI-MKTRISK-GBL,RR_GSF-RISK-CI-MKTRISK-HK,RR_GSF-RISK-CI-MKTRISK-IN,RR_GSF-RISK-CI-MKTRISK-KR,RR_GSF-RISK-CRDRISK-CONTROL-TH,RR_GSF-RISK-RPTING-MI-GBL,RR_GSF-RISK-RPTING-MI-SG,RR_GSF-TREASURY-CN,RR_GSF-TREASURY-HK,RR_GSF-TREASURY-IN,RR_GSF-TREASURY-KR,RR_GSF-VALUATION-CONTROL-SG,RR_MKTDATA-PSEUDO-REG-UK,RR_MRO-BAU-IN,RR_PRIME-SERVICE-OPS-GBL,RR_REG-MARGIN-OPS-GBL,RR_REG-MARGIN-OPS-IN,RR_REG-MARGIN-OPS-KR,RR_REG-MARGIN-OPS-SG,RR_REG-MARGIN-OPS-US,RR_SECSVS-CA-AE,RR_SECSVS-CA-BD,RR_SECSVS-CA-BH,RR_SECSVS-CA-BW,RR_SECSVS-CA-CI,RR_SECSVS-CA-CN,RR_SECSVS-CA-DC,RR_SECSVS-CA-EG,RR_SECSVS-CA-GE,RR_SECSVS-CA-GH,RR_SECSVS-CA-HK,RR_SECSVS-CA-IN,RR_SECSVS-CA-KE,RR_SECSVS-CA-LK,RR_SECSVS-CA-MU,RR_SECSVS-CA-MY,RR_SECSVS-CA-NG,RR_SECSVS-CA-OM,RR_SECSVS-CA-PH,RR_SECSVS-CA-PK,RR_SECSVS-CA-QA,RR_SECSVS-CA-SA,RR_SECSVS-CA-SG,RR_SECSVS-CA-TH,RR_SECSVS-CA-TW,RR_SECSVS-CA-TZ,RR_SECSVS-CA-UG,RR_SECSVS-CA-VN,RR_SECSVS-CA-ZA,RR_SECSVS-CA-ZM,RR_SECSVS-Cash-AE,RR_SECSVS-Cash-BD,RR_SECSVS-Cash-BH,RR_SECSVS-Cash-BW,RR_SECSVS-Cash-CI,RR_SECSVS-Cash-CN,RR_SECSVS-Cash-DC,RR_SECSVS-Cash-EG,RR_SECSVS-Cash-GE,RR_SECSVS-Cash-GH,RR_SECSVS-Cash-HK,RR_SECSVS-Cash-IN,RR_SECSVS-Cash-KE,RR_SECSVS-Cash-LK,RR_SECSVS-Cash-MU,RR_SECSVS-Cash-MY,RR_SECSVS-Cash-NG,RR_SECSVS-Cash-OM,RR_SECSVS-Cash-PH,RR_SECSVS-Cash-PK,RR_SECSVS-Cash-QA,RR_SECSVS-Cash-SA,RR_SECSVS-Cash-SG,RR_SECSVS-Cash-TH,RR_SECSVS-Cash-TW,RR_SECSVS-Cash-TZ,RR_SECSVS-Cash-UG,RR_SECSVS-Cash-VN,RR_SECSVS-Cash-ZA,RR_SECSVS-Cash-ZM,RR_SECSVS-CDMG-GBL,RR_SECSVS-COUNTRY-CA-CN,RR_SECSVS-DA-AE,RR_SECSVS-DA-GBL,RR_SECSVS-DA-HK,RR_SECSVS-DA-LU,RR_SECSVS-DA-SG,RR_SECSVS-FA-DIFC,RR_SECSVS-FA-HK,RR_SECSVS-FA-ID,RR_SECSVS-FA-IN,RR_SECSVS-FA-MY,RR_SECSVS-FA-PH,RR_SECSVS-FA-SG,RR_SECSVS-FA-TH,RR_SECSVS-FA-TW,RR_SECSVS-FA-UG,RR_SECSVS-FA-VN,RR_SECSVS-FA-ZA,RR_SECSVS-FA-COMPL-HK,RR_SECSVS-FA-COMPL-ID,RR_SECSVS-FA-COMPL-MY,RR_SECSVS-FA-COMPL-SG,RR_SECSVS-FA-COMPL-TH,RR_SECSVS-FA-COMPL-VN,RR_SECSVS-GBS-CA-AFRICA,RR_SECSVS-GBS-CA-HK,RR_SECSVS-GBS-CA-MENA,RR_SECSVS-GBS-CA-MY,RR_SECSVS-GBS-CA-SG,RR_SECSVS-GBS-CA-TOM,RR_SECSVS-GBS-FA-CN,RR_SECSVS-GBS-FA-IN,RR_SECSVS-GBS-FA-KL,RR_SECSVS-MFA-AE,RR_SECSVS-MFA-BD,RR_SECSVS-MFA-BH,RR_SECSVS-MFA-BW,RR_SECSVS-MFA-CI,RR_SECSVS-MFA-CN,RR_SECSVS-MFA-DC,RR_SECSVS-MFA-EG,RR_SECSVS-MFA-GE,RR_SECSVS-MFA-GH,RR_SECSVS-MFA-HK,RR_SECSVS-MFA-IN,RR_SECSVS-MFA-KE,RR_SECSVS-MFA-LK,RR_SECSVS-MFA-MU,RR_SECSVS-MFA-MY,RR_SECSVS-MFA-NG,RR_SECSVS-MFA-OM,RR_SECSVS-MFA-PH,RR_SECSVS-MFA-PK,RR_SECSVS-MFA-QA,RR_SECSVS-MFA-SA,RR_SECSVS-MFA-SG,RR_SECSVS-MFA-TH,RR_SECSVS-MFA-TW,RR_SECSVS-MFA-TZ,RR_SECSVS-MFA-UG,RR_SECSVS-MFA-VN,RR_SECSVS-MFA-ZA,RR_SECSVS-MFA-ZM,RR_SECSVS-TS-AE,RR_SECSVS-TS-BD,RR_SECSVS-TS-BH,RR_SECSVS-TS-BW,RR_SECSVS-TS-CI,RR_SECSVS-TS-CN,RR_SECSVS-TS-DC,RR_SECSVS-TS-EG,RR_SECSVS-TS-GE,RR_SECSVS-TS-GH,RR_SECSVS-TS-HK,RR_SECSVS-TS-IN,RR_SECSVS-TS-KE,RR_SECSVS-TS-LK,RR_SECSVS-TS-MU,RR_SECSVS-TS-MY,RR_SECSVS-TS-NG,RR_SECSVS-TS-OM,RR_SECSVS-TS-PH,RR_SECSVS-TS-PK,RR_SECSVS-TS-QA,RR_SECSVS-TS-SA,RR_SECSVS-TS-SG,RR_SECSVS-TS-TH,RR_SECSVS-TS-TW,RR_SECSVS-TS-TZ,RR_SECSVS-TS-UG,RR_SECSVS-TS-VN,RR_SECSVS-TS-ZA,RR_SECSVS-TS-ZM,RR_STRUCTURED-RATES-TRADING-SG,RR_TRADE-RISK-MANAGEMENT-KR,RR_TRADE-RISK-MANAGEMENT-SG,RR_TRADE-RISK-MANAGEMENT-SG,RR_WM-OPS-HK,RR_WM-OPS-ID,RR_WM-OPS-SG","FMO Portal Service","","srv.51507.ssdr.002","","darkIcons/icon04.svg","lightIcons/icon04.svg","ssdr","","ssdr-report-download","Report Download","1611336",132,NULL,NULL
True,True,20,131,"2025-09-02 03:28:40.656",80,"2025-11-10 01:41:47.604","SSDR_SALES,SSDR_FSS,SSDR_ADMIN,SSDR_SUPPORT,SSDR_COMMON_USER,SSDR_ANALYST,RR_BALANCE-SHEET-MANAGEMENT-KR,RR_CAPITAL-REG-RPTING-IN,RR_CIB-DATA-MGMT-GBL,RR_CIB-FM-CN,RR_CIB-FM-HK,RR_CIB-FM-ID,RR_CIB-FM-JP,RR_CIB-FM-MY,RR_CIB-FM-SG,RR_CIB-FM-CS-LNS-SPECIAL-SG,RR_CIB-FM-FX-INDEX-SG,RR_CIB-FM-FX-OPTIONS-SG,RR_CIB-FM-MAG-GBL,RR_CIB-FM-RATES-UK_US,RR_CIB-FM-SALES-REGIONAL-HK,RR_CIB-FM-SALES-REGIONAL-HK,RR_CIB-FM-SALES-REGIONAL-IN,RR_CIB-FMTPT-GBL,RR_CIB-FMTPT-GBL,RR_CLIENT-INFO-TAX-RPTING-SG,RR_COMMODITY-TRADING-GBL,RR_COO-PRODUCT-SERVICES-SG,RR_COO-PRODUCT-SERVICES-SG,RR_COUNTRY-FIANCE-GE,RR_COUNTRY-OPS-BG,RR_COUNTRY-OPS-GC,RR_COUNTRY-OPS-GE,RR_COUNTRY-OPS-ID,RR_COUNTRY-OPS-IN,RR_COUNTRY-OPS-IN,RR_COUNTRY-OPS-KR,RR_COUNTRY-OPS-MY,RR_COUNTRY-OPS-NG,RR_COUNTRY-OPS-NP,RR_COUNTRY-OPS-PK,RR_COUNTRY-OPS-TH,RR_COUNTRY-OPS-TH,RR_COUNTRY-OPS-TW,RR_COUNTRY-OPS-UAE,RR_COUNTRY-OPS-VN,RR_CREDIT-TRADING-SG,RR_FINANCE-PC-GBL,RR_FM-DORMANCY-IN,RR_FMO-CLIENT-CHANNELS-GBL,RR_FMO-COUNTRY-OPS-CN,RR_FMO-COUNTRY-OPS-LK,RR_FMO-COUNTRY-OPS-TW,RR_FMO-DATA-MANAGEMENT-GBL,RR_FMO-FXMM-OPS-GBL,RR_FMO-FXMM-OPS-IN,RR_FMO-FXMM-OPS-PH,RR_FMO-ISLAMIC-MY,RR_FMO-MI-ANALYTICS-IN,RR_FMO-MO-GBL,RR_FMO-OTC-DERIV-OPS-GBL,RR_FM-OPS-REGION-SS-CN,RR_FMO-REG-OPS-GBL,RR_FMO-REG-OPS-UK,RR_FMO-REG-OPS-UK,RR_FMO-REG-OPS-US,RR_FMO-RISK-CONTROL-GBL,RR_FMO-TREASURY-OPS-SG,RR_FM-SECURITY-OPS-GBL,RR_G10-RATES-TRADING-GBL,RR_GBS-BIZ-MANAGEMENT-MY,RR_GBS-FINANCE-GFS-IN,RR_GBS-REG-OPS-CN,RR_GLOBAL-RECON-UNIT-IN,RR_GLOBAL-RECON-UNIT-IN,RR_GRP-INTERNAL-AUDIT-GBL,RR_GSF-COMPLIANCE-HK,RR_GSF-COMPLIANCE-UAE,RR_GSF-COMPLIANCE-UK,RR_GSF-COMPLIANCE-US,RR_GSF-COUNTRY-FINANCE-CN,RR_GSF-COUNTRY-FINANCE-GE,RR_GSF-COUNTRY-FINANCE-HK,RR_GSF-COUNTRY-FINANCE-ID,RR_GSF-COUNTRY-FINANCE-KR,RR_GSF-COUNTRY-FINANCE-MY,RR_GSF-COUNTRY-FINANCE-PH,RR_GSF-COUNTRY-FINANCE-PK,RR_GSF-COUNTRY-FINANCE-TH,RR_GSF-COUNTRY-FINANCE-TH,RR_GSF-COUNTRY-FINANCE-TW,RR_GSF-COUNTRY-FINANCE-VN,RR_GSF-COUNTRY-FINANCE-ZA,RR_GSF-FIN-GRP-INVESTMENT-UK,RR_GSF-FIN-GRP-INVESTMENT-UK,RR_GSF-FIN-GRP-INVESTMENT-UK,RR_GSF-FIN-GRP-INVESTMENT-UK,RR_GSF-RISK-CI-MKTRISK-CN,RR_GSF-RISK-CI-MKTRISK-GBL,RR_GSF-RISK-CI-MKTRISK-HK,RR_GSF-RISK-CI-MKTRISK-IN,RR_GSF-RISK-CI-MKTRISK-KR,RR_GSF-RISK-CRDRISK-CONTROL-TH,RR_GSF-RISK-RPTING-MI-GBL,RR_GSF-RISK-RPTING-MI-SG,RR_GSF-TREASURY-CN,RR_GSF-TREASURY-HK,RR_GSF-TREASURY-IN,RR_GSF-TREASURY-KR,RR_GSF-VALUATION-CONTROL-SG,RR_MKTDATA-PSEUDO-REG-UK,RR_MRO-BAU-IN,RR_PRIME-SERVICE-OPS-GBL,RR_REG-MARGIN-OPS-GBL,RR_REG-MARGIN-OPS-IN,RR_REG-MARGIN-OPS-KR,RR_REG-MARGIN-OPS-SG,RR_REG-MARGIN-OPS-US,RR_SECSVS-CA-AE,RR_SECSVS-CA-BD,RR_SECSVS-CA-BH,RR_SECSVS-CA-BW,RR_SECSVS-CA-CI,RR_SECSVS-CA-CN,RR_SECSVS-CA-DC,RR_SECSVS-CA-EG,RR_SECSVS-CA-GE,RR_SECSVS-CA-GH,RR_SECSVS-CA-HK,RR_SECSVS-CA-IN,RR_SECSVS-CA-KE,RR_SECSVS-CA-LK,RR_SECSVS-CA-MU,RR_SECSVS-CA-MY,RR_SECSVS-CA-NG,RR_SECSVS-CA-OM,RR_SECSVS-CA-PH,RR_SECSVS-CA-PK,RR_SECSVS-CA-QA,RR_SECSVS-CA-SA,RR_SECSVS-CA-SG,RR_SECSVS-CA-TH,RR_SECSVS-CA-TW,RR_SECSVS-CA-TZ,RR_SECSVS-CA-UG,RR_SECSVS-CA-VN,RR_SECSVS-CA-ZA,RR_SECSVS-CA-ZM,RR_SECSVS-Cash-AE,RR_SECSVS-Cash-BD,RR_SECSVS-Cash-BH,RR_SECSVS-Cash-BW,RR_SECSVS-Cash-CI,RR_SECSVS-Cash-CN,RR_SECSVS-Cash-DC,RR_SECSVS-Cash-EG,RR_SECSVS-Cash-GE,RR_SECSVS-Cash-GH,RR_SECSVS-Cash-HK,RR_SECSVS-Cash-IN,RR_SECSVS-Cash-KE,RR_SECSVS-Cash-LK,RR_SECSVS-Cash-MU,RR_SECSVS-Cash-MY,RR_SECSVS-Cash-NG,RR_SECSVS-Cash-OM,RR_SECSVS-Cash-PH,RR_SECSVS-Cash-PK,RR_SECSVS-Cash-QA,RR_SECSVS-Cash-SA,RR_SECSVS-Cash-SG,RR_SECSVS-Cash-TH,RR_SECSVS-Cash-TW,RR_SECSVS-Cash-TZ,RR_SECSVS-Cash-UG,RR_SECSVS-Cash-VN,RR_SECSVS-Cash-ZA,RR_SECSVS-Cash-ZM,RR_SECSVS-CDMG-GBL,RR_SECSVS-COUNTRY-CA-CN,RR_SECSVS-DA-AE,RR_SECSVS-DA-GBL,RR_SECSVS-DA-HK,RR_SECSVS-DA-LU,RR_SECSVS-DA-SG,RR_SECSVS-FA-DIFC,RR_SECSVS-FA-HK,RR_SECSVS-FA-ID,RR_SECSVS-FA-IN,RR_SECSVS-FA-MY,RR_SECSVS-FA-PH,RR_SECSVS-FA-SG,RR_SECSVS-FA-TH,RR_SECSVS-FA-TW,RR_SECSVS-FA-UG,RR_SECSVS-FA-VN,RR_SECSVS-FA-ZA,RR_SECSVS-FA-COMPL-HK,RR_SECSVS-FA-COMPL-ID,RR_SECSVS-FA-COMPL-MY,RR_SECSVS-FA-COMPL-SG,RR_SECSVS-FA-COMPL-TH,RR_SECSVS-FA-COMPL-VN,RR_SECSVS-GBS-CA-AFRICA,RR_SECSVS-GBS-CA-HK,RR_SECSVS-GBS-CA-MENA,RR_SECSVS-GBS-CA-MY,RR_SECSVS-GBS-CA-SG,RR_SECSVS-GBS-CA-TOM,RR_SECSVS-GBS-FA-CN,RR_SECSVS-GBS-FA-IN,RR_SECSVS-GBS-FA-KL,RR_SECSVS-MFA-AE,RR_SECSVS-MFA-BD,RR_SECSVS-MFA-BH,RR_SECSVS-MFA-BW,RR_SECSVS-MFA-CI,RR_SECSVS-MFA-CN,RR_SECSVS-MFA-DC,RR_SECSVS-MFA-EG,RR_SECSVS-MFA-GE,RR_SECSVS-MFA-GH,RR_SECSVS-MFA-HK,RR_SECSVS-MFA-IN,RR_SECSVS-MFA-KE,RR_SECSVS-MFA-LK,RR_SECSVS-MFA-MU,RR_SECSVS-MFA-MY,RR_SECSVS-MFA-NG,RR_SECSVS-MFA-OM,RR_SECSVS-MFA-PH,RR_SECSVS-MFA-PK,RR_SECSVS-MFA-QA,RR_SECSVS-MFA-SA,RR_SECSVS-MFA-SG,RR_SECSVS-MFA-TH,RR_SECSVS-MFA-TW,RR_SECSVS-MFA-TZ,RR_SECSVS-MFA-UG,RR_SECSVS-MFA-VN,RR_SECSVS-MFA-ZA,RR_SECSVS-MFA-ZM,RR_SECSVS-TS-AE,RR_SECSVS-TS-BD,RR_SECSVS-TS-BH,RR_SECSVS-TS-BW,RR_SECSVS-TS-CI,RR_SECSVS-TS-CN,RR_SECSVS-TS-DC,RR_SECSVS-TS-EG,RR_SECSVS-TS-GE,RR_SECSVS-TS-GH,RR_SECSVS-TS-HK,RR_SECSVS-TS-IN,RR_SECSVS-TS-KE,RR_SECSVS-TS-LK,RR_SECSVS-TS-MU,RR_SECSVS-TS-MY,RR_SECSVS-TS-NG,RR_SECSVS-TS-OM,RR_SECSVS-TS-PH,RR_SECSVS-TS-PK,RR_SECSVS-TS-QA,RR_SECSVS-TS-SA,RR_SECSVS-TS-SG,RR_SECSVS-TS-TH,RR_SECSVS-TS-TW,RR_SECSVS-TS-TZ,RR_SECSVS-TS-UG,RR_SECSVS-TS-VN,RR_SECSVS-TS-ZA,RR_SECSVS-TS-ZM,RR_STRUCTURED-RATES-TRADING-SG,RR_TRADE-RISK-MANAGEMENT-KR,RR_TRADE-RISK-MANAGEMENT-SG,RR_TRADE-RISK-MANAGEMENT-SG,RR_WM-OPS-HK,RR_WM-OPS-ID,RR_WM-OPS-SG","FMO Portal Service","","srv.51507.ssdr.002","ReportScheduler","darkIcons/icon07.svg","lightIcons/icon07.svg","ssdr","","report-scheduler","Report Scheduler","1611336",131,NULL,NULL
False,False,20,132,"2025-09-02 03:28:40.657",80,"2025-11-04 07:01:36.866","SSDR_SALES,SSDR_FSS,SSDR_ADMIN,SSDR_SUPPORT,SSDR_COMMON_USER,SSDR_ANALYST","FMO Portal Service","","srv.51507.ssdr.002","QueryBuilder","darkIcons/icon11.svg","lightIcons/icon11.svg","ssdr","","ssdr-query-builder","Query Builder","1431833",130,NULL,NULL
True,False,5,134,"2025-09-16 12:59:40.197",24,"2026-09-18 13:38:26.487","FSSFM_REBALANCING_TXN_PH","2015399","FM_BPMS.SUPPORT@sc.com","FSS_PROD","FSS Services Rebalancing","darkIcons/icon11.svg","lightIcons/icon11.svg","fss_rebalancing","","rebalancing","FSS Rebalancing","FMO Portal Service",134,NULL,""
True,True,20,136,"2025-09-17 03:46:41.323",80,"2025-09-17 03:48:50.605","","1620625","","srv.51507.ssdr.002","","darkIcons/icon14.svg","lightIcons/icon14.svg","ssdr","This tile is fake tile in Dev only, please don't export it to prod env","ssdr-admin-accessmanagement","Access Management","1611336",136,NULL,NULL
True,False,13,137,"2025-09-18 07:55:34.498",10,"2026-09-16 09:48:43.053","X_RATANONE","1622463","FM_BPMS.SUPPORT@sc.com","RATAN_PROD","RATAN_NETTING_RULE","darkIcons/rules.dark.svg","lightIcons/rules.light.svg","cashflow_blotter_cn","","cashflow_utilization_static_table","Utilization Static","FMO Portal Service",137,"{""expression"": ""!#root['Entity.Booking_Entity_SCI_FMID'].?[#this != '8'].isEmpty()"", ""filterType"": ""ems3"", ""parameters"": {""appId"": ""51358"", ""appName"": ""RATAN_ENTITLEMENT_RULE""}}","Global"
True,False,5,139,"2025-10-10 02:09:51.027",24,"2026-09-18 13:38:26.488","FSSFM_TRUEUP_TXN_SG","2015399","FM_BPMS.SUPPORT@sc.com","FSS_PROD","FSS Services TrueUp","darkIcons/icon02.svg","lightIcons/icon02.svg","fss_nav_calculation","","navcalc","FX True Up & RIK","FMO Portal Service",139,NULL,""
True,False,5,140,"2025-10-10 02:11:54.689",24,"2026-09-18 13:38:26.492","FSSFM_SWINGPRICEMETRICS_TXN_HK,FSSFM_SWINGPRICEMETRICS_TXN_SG","2015399","FM_BPMS.SUPPORT@sc.com","FSS_PROD","FSS Services Swing Price Metrics","darkIcons/icon02.svg","lightIcons/icon02.svg","fss_price_metrics","","pricemetrics","FSS Swing Price Metrics","FMO Portal Service",140,NULL,""
True,False,5,141,"2025-10-10 10:18:08.735",24,"2026-09-18 13:38:26.493","FSSFM_SWINGPRICEMETRICS_REF_HK,FSSFM_FAIRPRICEMETRICS_REF_HK,FSSFM_TRUEUP_REF_SG,FSSFM_SWINGPRICEMETRICS_REF_SG,FSSFM_REBALANCING_REF_PH,FSSFM_GATING_REF_HK,FSSFM_TAIC_REF_SA,FSSFM_TAIC_REF_BH","2015399","FM_BPMS.SUPPORT@sc.com","FSS_PROD","FSS Services Price Metrics Reference","darkIcons/icon02.svg","lightIcons/icon02.svg","fss_price_metrics_reference","","pricemetrics-reference","FSS Funds Reference","FMO Portal Service",141,NULL,""
True,False,5,143,"2025-10-29 06:13:14.007",24,"2026-09-18 13:38:26.496","SSI","2015399","FM_BPMS.SUPPORT@sc.com","FSS_PROD","FSS SSI","darkIcons/icon07.svg","lightIcons/icon07.svg","fss_ssi","","fss-ssi","SSI","FMO Portal Service",153,NULL,""
True,False,9,144,"2025-10-29 16:51:46.012",10,"2025-10-29 16:53:23.817","X_RATANONE","1639796","","RATAN_PROD","RATAN_STRATEGIC_CASHFLOW_BLOTTER","darkIcons/cn.settlement.dark.svg","lightIcons/cn.settlement.light.svg","cashflow_blotter_cn","[Simple]","cashflow_simple","Cashflow Blotter","2000115",144,NULL,NULL
True,False,9,145,"2025-11-03 01:43:56.226",10,"2025-11-04 02:16:28.682","RR_BALANCE-SHEET-MANAGEMENT-KR,RR_CAPITAL-REG-RPTING-IN,RR_CIB-DATA-MGMT-GBL,RR_CIB-FM-CN,RR_CIB-FM-HK,RR_CIB-FM-ID,RR_CIB-FM-JP,RR_CIB-FM-MY,RR_CIB-FM-SG,RR_CIB-FM-CS-LNS-SPECIAL-SG,RR_CIB-FM-FX-INDEX-SG,RR_CIB-FM-FX-OPTIONS-SG,RR_CIB-FM-MAG-GBL,RR_CIB-FM-RATES-UK_US,RR_CIB-FM-SALES-REGIONAL-HK,RR_CIB-FM-SALES-REGIONAL-IN,RR_CIB-FMTPT-GBL,RR_CIB-FMTPT-GBL,RR_CLIENT-INFO-TAX-RPTING-SG,RR_COMMODITY-TRADING-GBL,RR_COO-PRODUCT-SERVICES-SG,RR_COO-PRODUCT-SERVICES-SG,RR_COUNTRY-FIANCE-GE,RR_COUNTRY-OPS-BG,RR_COUNTRY-OPS-GC,RR_COUNTRY-OPS-GE,RR_COUNTRY-OPS-ID,RR_COUNTRY-OPS-IN,RR_COUNTRY-OPS-IN,RR_COUNTRY-OPS-KR,RR_COUNTRY-OPS-MY,RR_COUNTRY-OPS-NG,RR_COUNTRY-OPS-NP,RR_COUNTRY-OPS-PK,RR_COUNTRY-OPS-TH,RR_COUNTRY-OPS-TH,RR_COUNTRY-OPS-TW,RR_COUNTRY-OPS-UAE,RR_COUNTRY-OPS-VN,RR_CREDIT-TRADING-SG,RR_FINANCE-PC-GBL,RR_FM-DORMANCY-IN,RR_FMO-CLIENT-CHANNELS-GBL,RR_FMO-COUNTRY-OPS-CN,RR_FMO-COUNTRY-OPS-LK,RR_FMO-COUNTRY-OPS-TW,RR_FMO-DATA-MANAGEMENT-GBL,RR_FMO-FXMM-OPS-GBL,RR_FMO-FXMM-OPS-IN,RR_FMO-FXMM-OPS-PH,RR_FMO-ISLAMIC-MY,RR_FMO-MI-ANALYTICS-IN,RR_FMO-MO-GBL,RR_FMO-OTC-DERIV-OPS-GBL,RR_FM-OPS-REGION-SS-CN,RR_FMO-REG-OPS-GBL,RR_FMO-REG-OPS-UK,RR_FMO-REG-OPS-US,RR_FMO-RISK-CONTROL-GBL,RR_FMO-TREASURY-OPS-SG,RR_FM-SECURITY-OPS-GBL,RR_G10-RATES-TRADING-GBL,RR_GBS-BIZ-MANAGEMENT-MY,RR_GBS-FINANCE-GFS-IN,RR_GBS-REG-OPS-CN,RR_GLOBAL-RECON-UNIT-IN,RR_GLOBAL-RECON-UNIT-IN,RR_GRP-INTERNAL-AUDIT-GBL,RR_GSF-COMPLIANCE-HK,RR_GSF-COMPLIANCE-UAE,RR_GSF-COMPLIANCE-UK,RR_GSF-COMPLIANCE-US,RR_GSF-COUNTRY-FINANCE-CN,RR_GSF-COUNTRY-FINANCE-GE,RR_GSF-COUNTRY-FINANCE-HK,RR_GSF-COUNTRY-FINANCE-ID,RR_GSF-COUNTRY-FINANCE-KR,RR_GSF-COUNTRY-FINANCE-MY,RR_GSF-COUNTRY-FINANCE-PH,RR_GSF-COUNTRY-FINANCE-PK,RR_GSF-COUNTRY-FINANCE-TH,RR_GSF-COUNTRY-FINANCE-TH,RR_GSF-COUNTRY-FINANCE-TW,RR_GSF-COUNTRY-FINANCE-VN,RR_GSF-COUNTRY-FINANCE-ZA,RR_GSF-FIN-GRP-INVESTMENT-UK,RR_GSF-FIN-GRP-INVESTMENT-UK,RR_GSF-FIN-GRP-INVESTMENT-UK,RR_GSF-FIN-GRP-INVESTMENT-UK,RR_GSF-RISK-CI-MKTRISK-CN,RR_GSF-RISK-CI-MKTRISK-GBL,RR_GSF-RISK-CI-MKTRISK-HK,RR_GSF-RISK-CI-MKTRISK-IN,RR_GSF-RISK-CI-MKTRISK-KR,RR_GSF-RISK-CRDRISK-CONTROL-TH,RR_GSF-RISK-RPTING-MI-GBL,RR_GSF-RISK-RPTING-MI-SG,RR_GSF-TREASURY-CN,RR_GSF-TREASURY-HK,RR_GSF-TREASURY-IN,RR_GSF-TREASURY-KR,RR_GSF-VALUATION-CONTROL-SG,RR_MKTDATA-PSEUDO-REG-UK,RR_MRO-BAU-IN,RR_PRIME-SERVICE-OPS-GBL,RR_REG-MARGIN-OPS-GBL,RR_REG-MARGIN-OPS-IN,RR_REG-MARGIN-OPS-KR,RR_REG-MARGIN-OPS-SG,RR_REG-MARGIN-OPS-US,RR_SECSVS-CA-AE,RR_SECSVS-CA-BD,RR_SECSVS-CA-BH,RR_SECSVS-CA-BW,RR_SECSVS-CA-CI,RR_SECSVS-CA-CN,RR_SECSVS-CA-DC,RR_SECSVS-CA-EG,RR_SECSVS-CA-GE,RR_SECSVS-CA-GH,RR_SECSVS-CA-HK,RR_SECSVS-CA-IN,RR_SECSVS-CA-KE,RR_SECSVS-CA-LK,RR_SECSVS-CA-MU,RR_SECSVS-CA-MY,RR_SECSVS-CA-NG,RR_SECSVS-CA-OM,RR_SECSVS-CA-PH,RR_SECSVS-CA-PK,RR_SECSVS-CA-QA,RR_SECSVS-CA-SA,RR_SECSVS-CA-SG,RR_SECSVS-CA-TH,RR_SECSVS-CA-TW,RR_SECSVS-CA-TZ,RR_SECSVS-CA-UG,RR_SECSVS-CA-VN,RR_SECSVS-CA-ZA,RR_SECSVS-CA-ZM,RR_SECSVS-Cash-AE,RR_SECSVS-Cash-BD,RR_SECSVS-Cash-BH,RR_SECSVS-Cash-BW,RR_SECSVS-Cash-CI,RR_SECSVS-Cash-CN,RR_SECSVS-Cash-DC,RR_SECSVS-Cash-EG,RR_SECSVS-Cash-GE,RR_SECSVS-Cash-GH,RR_SECSVS-Cash-HK,RR_SECSVS-Cash-IN,RR_SECSVS-Cash-KE,RR_SECSVS-Cash-LK,RR_SECSVS-Cash-MU,RR_SECSVS-Cash-MY,RR_SECSVS-Cash-NG,RR_SECSVS-Cash-OM,RR_SECSVS-Cash-PH,RR_SECSVS-Cash-PK,RR_SECSVS-Cash-QA,RR_SECSVS-Cash-SA,RR_SECSVS-Cash-SG,RR_SECSVS-Cash-TH,RR_SECSVS-Cash-TW,RR_SECSVS-Cash-TZ,RR_SECSVS-Cash-UG,RR_SECSVS-Cash-VN,RR_SECSVS-Cash-ZA,RR_SECSVS-Cash-ZM,RR_SECSVS-CDMG-GBL,RR_SECSVS-COUNTRY-CA-CN,RR_SECSVS-DA-AE,RR_SECSVS-DA-GBL,RR_SECSVS-DA-HK,RR_SECSVS-DA-LU,RR_SECSVS-DA-SG,RR_SECSVS-FA-DIFC,RR_SECSVS-FA-HK,RR_SECSVS-FA-ID,RR_SECSVS-FA-IN,RR_SECSVS-FA-MY,RR_SECSVS-FA-PH,RR_SECSVS-FA-SG,RR_SECSVS-FA-TH,RR_SECSVS-FA-TW,RR_SECSVS-FA-UG,RR_SECSVS-FA-VN,RR_SECSVS-FA-ZA,RR_SECSVS-FA-COMPL-HK,RR_SECSVS-FA-COMPL-ID,RR_SECSVS-FA-COMPL-MY,RR_SECSVS-FA-COMPL-SG,RR_SECSVS-FA-COMPL-TH,RR_SECSVS-FA-COMPL-VN,RR_SECSVS-GBS-CA-AFRICA,RR_SECSVS-GBS-CA-HK,RR_SECSVS-GBS-CA-MENA,RR_SECSVS-GBS-CA-MY,RR_SECSVS-GBS-CA-SG,RR_SECSVS-GBS-CA-TOM,RR_SECSVS-GBS-FA-CN,RR_SECSVS-GBS-FA-IN,RR_SECSVS-GBS-FA-KL,RR_SECSVS-MFA-AE,RR_SECSVS-MFA-BD,RR_SECSVS-MFA-BH,RR_SECSVS-MFA-BW,RR_SECSVS-MFA-CI,RR_SECSVS-MFA-CN,RR_SECSVS-MFA-DC,RR_SECSVS-MFA-EG,RR_SECSVS-MFA-GE,RR_SECSVS-MFA-GH,RR_SECSVS-MFA-HK,RR_SECSVS-MFA-IN,RR_SECSVS-MFA-KE,RR_SECSVS-MFA-LK,RR_SECSVS-MFA-MU,RR_SECSVS-MFA-MY,RR_SECSVS-MFA-NG,RR_SECSVS-MFA-OM,RR_SECSVS-MFA-PH,RR_SECSVS-MFA-PK,RR_SECSVS-MFA-QA,RR_SECSVS-MFA-SA,RR_SECSVS-MFA-SG,RR_SECSVS-MFA-TH,RR_SECSVS-MFA-TW,RR_SECSVS-MFA-TZ,RR_SECSVS-MFA-UG,RR_SECSVS-MFA-VN,RR_SECSVS-MFA-ZA,RR_SECSVS-MFA-ZM,RR_SECSVS-TS-AE,RR_SECSVS-TS-BD,RR_SECSVS-TS-BH,RR_SECSVS-TS-BW,RR_SECSVS-TS-CI,RR_SECSVS-TS-CN,RR_SECSVS-TS-DC,RR_SECSVS-TS-EG,RR_SECSVS-TS-GE,RR_SECSVS-TS-GH,RR_SECSVS-TS-HK,RR_SECSVS-TS-IN,RR_SECSVS-TS-KE,RR_SECSVS-TS-LK,RR_SECSVS-TS-MU,RR_SECSVS-TS-MY,RR_SECSVS-TS-NG,RR_SECSVS-TS-OM,RR_SECSVS-TS-PH,RR_SECSVS-TS-PK,RR_SECSVS-TS-QA,RR_SECSVS-TS-SA,RR_SECSVS-TS-SG,RR_SECSVS-TS-TH,RR_SECSVS-TS-TW,RR_SECSVS-TS-TZ,RR_SECSVS-TS-UG,RR_SECSVS-TS-VN,RR_SECSVS-TS-ZA,RR_SECSVS-TS-ZM,RR_STRUCTURED-RATES-TRADING-SG,RR_TRADE-RISK-MANAGEMENT-KR,RR_TRADE-RISK-MANAGEMENT-SG,RR_WM-OPS-HK,RR_WM-OPS-ID,RR_WM-OPS-SG","1639796","","RATAN_PROD","","darkIcons/cashflow.dark.svg","lightIcons/cashflow.light.svg","cashflow_blotter_cn","","test","test","1639796",145,NULL,NULL
True,False,5,147,"2025-11-21 09:53:54.037",24,"2026-09-18 13:38:26.494","FSS_EXCEPTION_DASHBOARD_AE-CA,FSS_EXCEPTION_DASHBOARD_BD-CA,FSS_EXCEPTION_DASHBOARD_BH-CA,FSS_EXCEPTION_DASHBOARD_BW-CA,FSS_EXCEPTION_DASHBOARD_CI-CA,FSS_EXCEPTION_DASHBOARD_CN-CA,FSS_EXCEPTION_DASHBOARD_DC-CA,FSS_EXCEPTION_DASHBOARD_EG-CA,FSS_EXCEPTION_DASHBOARD_GH-CA,FSS_EXCEPTION_DASHBOARD_HK-CA,FSS_EXCEPTION_DASHBOARD_IN-CA,FSS_EXCEPTION_DASHBOARD_KE-CA,FSS_EXCEPTION_DASHBOARD_KR-CA,FSS_EXCEPTION_DASHBOARD_LK-CA,FSS_EXCEPTION_DASHBOARD_MU-DOMESTIC-CA,FSS_EXCEPTION_DASHBOARD_MU-IC-CA,FSS_EXCEPTION_DASHBOARD_MY-CA,FSS_EXCEPTION_DASHBOARD_NG-CA,FSS_EXCEPTION_DASHBOARD_OM-CA,FSS_EXCEPTION_DASHBOARD_PH-CA,FSS_EXCEPTION_DASHBOARD_PK-CA,FSS_EXCEPTION_DASHBOARD_QA-CA,FSS_EXCEPTION_DASHBOARD_SA-CA,FSS_EXCEPTION_DASHBOARD_SG-CA,FSS_EXCEPTION_DASHBOARD_TH-CA,FSS_EXCEPTION_DASHBOARD_TW-CA,FSS_EXCEPTION_DASHBOARD_TZ-CA,FSS_EXCEPTION_DASHBOARD_UG-CA,FSS_EXCEPTION_DASHBOARD_US-CA,FSS_EXCEPTION_DASHBOARD_VN-CA,FSS_EXCEPTION_DASHBOARD_ZA-CA,FSS_EXCEPTION_DASHBOARD_ZM-CA","1606194","FM_BPMS.SUPPORT@sc.com","FSS_PROD","FSS EXCEPTION DASHBOARD CA","darkIcons/icon11.svg","lightIcons/icon11.svg","fss_ca_disbursement","","ca_disbursement","CA Dashboard","FMO Portal Service",147,NULL,""
True,False,5,149,"2025-12-10 08:25:02.356",24,"2026-09-18 13:38:26.495","FSSFM_FAIRPRICEMETRICS_TXN_HK","1606194","FM_BPMS.SUPPORT@sc.com","FSS_PROD","FSS Services Fair Price Metrics","darkIcons/icon02.svg","lightIcons/icon02.svg","fss_fair_price_metrics","","fairpricemetrics","FSS Fair Price Metrics","FMO Portal Service",149,NULL,""
True,False,46,150,"2025-12-10 08:39:00.586",24,"2026-09-18 13:38:26.496","FSSDS_CASH_PROJECTION_IN,FSSDS_CP_MANUAL_ADJUSTMENT_IN","2015399","FM_BPMS.SUPPORT@sc.com","FSS_PROD","FSS Datastore Cash Projection","darkIcons/icon02.svg","lightIcons/icon02.svg","fssds_cash_projection","Rule Engine","cash-projection","Cash Projection","FMO Portal Service",150,NULL,""
True,False,9,152,"2026-01-12 03:21:49.633",10,"2026-09-16 09:48:43.05","X_RATANONE","1622463","FM_BPMS.SUPPORT@sc.com","RATAN_PROD","RATAN_STRATEGIC_CASHFLOW_BLOTTER","darkIcons/cn.settlement.dark.svg","lightIcons/cn.settlement.light.svg","cashflow_blotter_cn","[Open Search]","cashflow_open_search","Cashflow Blotter","FMO Portal Service",152,NULL,""
False,False,36,154,"2026-03-04 03:45:31.999",68,"2026-08-04 10:19:39.108","FSSDS_UI_RF_GL-CUS-TS,FSSDS_UI_RF_HK-CUS-TS,FSSDS_UI_RF_SG-CUS-TS,FSSDS_UI_RF_GL-FSS-PSS,FSSDS_UI_RF_SG-FSS-PSS,FSSDS_UI_RF_HK-FSS-PSS,FSSDS_UI_RF_PH-CUS-TS,FSSDS_UI_RF_CN-FSS-PSS","1412399","FM_BPMS.SUPPORT@sc.com","srv.54865.fssdatastore.001","FSS Datastore Reporting Framework","darkIcons/icon13.svg","lightIcons/icon09.svg","fssds_rf_report","FSSDS Reporting Platform","rf-report","DDR","1412399",154,NULL,NULL
True,False,8,156,"2026-03-31 02:09:14.331",10,"2026-04-01 03:29:05.149","X_RATANONE","2000115","","RATAN_PROD","RATAN_RULE_ENGINE","darkIcons/rules.dark.svg","lightIcons/rules.light.svg","rules_blotter","","decision_tree_rules","RATAN Rule Engine","1490627",156,NULL,NULL
True,False,3,157,"2026-03-31 17:45:47.889",52,"2026-03-31 18:05:09.739","CDUPS","1609000","","CDUPS_ADMIN","trade.tradedetails.view","darkIcons/icon08.svg","lightIcons/icon08.svg","cdups-main","Embed Comp.","confirmations-trade-details","Trade Details","1581803",157,NULL,NULL
True,False,44,158,"2026-04-09 02:13:39.77",96,"2026-04-10 09:02:31.471","VPA","8198883","","STAMP_ADMIN","Fix Link","darkIcons/icon07.svg","lightIcons/icon07.svg","vpa","","fix-link","Fix Link","1604901",158,NULL,NULL
True,False,44,159,"2026-04-09 02:15:23.85",96,"2026-04-10 09:02:27.148","VPA","8198883","","STAMP_ADMIN","Exception Handle","darkIcons/mo.exception.dark.svg","lightIcons/mo.exception.light.svg","vpa","","exception-handle","Exception Handle","1604901",159,NULL,NULL
True,False,44,160,"2026-04-09 02:17:05.026",96,"2026-04-10 09:02:24.402","VPA","8198883","","STAMP_ADMIN","Audit Log","darkIcons/icon11.svg","lightIcons/icon11.svg","vpa","","audit-log","Audit Log","1604901",160,NULL,NULL
True,False,9,161,"2026-04-30 08:27:14.524",101,"2026-09-16 09:48:43.06","X_RATANONE","1622463","FM_BPMS.SUPPORT@sc.com","RATAN_PROD","RATAN_STRATEGIC_CASHFLOW_BLOTTER","darkIcons/cn.settlement.dark.svg","lightIcons/cn.settlement.light.svg","indonesia_cashflow_blotter_cn","","indonesia_cashflow","Cashflow Blotter","FMO Portal Service",161,"{""expression"": ""#root['Entity.Booking_Entity_SCI_FMID'].contains('8')"", ""filterType"": ""ems3"", ""parameters"": {""appId"": ""51358"", ""appName"": ""RATAN_ENTITLEMENT_RULE""}}","Indonesia"
True,False,8,162,"2026-05-07 06:49:50.94",10,"2026-05-07 06:51:27.752","X_RATANONE","1603886","FM_BPMS.SUPPORT@sc.com","RATAN_PROD","RATAN_NETTING_RULE","darkIcons/rules.dark.svg","lightIcons/rules.light.svg","rules_blotter","","test_compliance_rules","Test Compliance Rules","2000115",162,NULL,NULL
True,False,9,164,"2026-05-20 07:29:26.323",101,"2026-09-16 09:48:43.062","X_RATANONE","1622463","FM_BPMS.SUPPORT@sc.com","RATAN_PROD","RATAN_CASHFLOW_GROUP_BLOTTER","darkIcons/cashflow.dark.svg","lightIcons/cashflow.light.svg","indonesia_cashflow_blotter_cn","","indonesia_cashflow_group_management","Grouping Blotter","FMO Portal Service",164,"{""expression"": ""#root['Entity.Booking_Entity_SCI_FMID'].contains('8')"", ""filterType"": ""ems3"", ""parameters"": {""appId"": ""51358"", ""appName"": ""RATAN_ENTITLEMENT_RULE""}}","Indonesia"
True,False,9,165,"2026-05-20 07:31:48.647",101,"2026-09-16 09:48:43.064","X_RATANONE","1622463","FM_BPMS.SUPPORT@sc.com","RATAN_PROD","RATAN_STRATEGIC_CASHFLOW_BLOTTER","darkIcons/cashflow.dark.svg","lightIcons/cashflow.light.svg","indonesia_cashflow_blotter_cn","","indonesia_cashflow_dashboard","Cashflow Dashboard","FMO Portal Service",165,"{""expression"": ""#root['Entity.Booking_Entity_SCI_FMID'].contains('8')"", ""filterType"": ""ems3"", ""parameters"": {""appId"": ""51358"", ""appName"": ""RATAN_ENTITLEMENT_RULE""}}","Indonesia"
True,False,13,166,"2026-05-20 08:31:01.812",101,"2026-09-16 09:48:43.082","X_RATANONE","1603886","FM_BPMS.SUPPORT@sc.com","RATAN_PROD","RATAN_NETTING_RULE","darkIcons/rules.dark.svg","lightIcons/rules.light.svg","indonesia_cashflow_blotter_cn","","indonesia_cashflow_splitting_static","Nostro Threshold Static","FMO Portal Service",166,"{""expression"": ""#root['Entity.Booking_Entity_SCI_FMID'].contains('8')"", ""filterType"": ""ems3"", ""parameters"": {""appId"": ""51358"", ""appName"": ""RATAN_ENTITLEMENT_RULE""}}","Indonesia"
True,False,13,167,"2026-05-20 08:33:26.947",101,"2026-09-16 09:48:43.08","X_RATANONE","1603886","FM_BPMS.SUPPORT@sc.com","RATAN_PROD","RATAN_NETTING_RULE","darkIcons/rules.dark.svg","lightIcons/rules.light.svg","indonesia_cashflow_blotter_cn","","indonesia_cashflow_bic_netting_static_table","BIC Netting Static","FMO Portal Service",167,"{""expression"": ""#root['Entity.Booking_Entity_SCI_FMID'].contains('8')"", ""filterType"": ""ems3"", ""parameters"": {""appId"": ""51358"", ""appName"": ""RATAN_ENTITLEMENT_RULE""}}","Indonesia"
True,False,13,168,"2026-05-20 08:40:54.578",101,"2026-09-16 09:48:43.075","X_RATANONE","1603886","FM_BPMS.SUPPORT@sc.com","RATAN_PROD","RATAN_NETTING_RULE","darkIcons/rules.dark.svg","lightIcons/rules.light.svg","indonesia_rules_blotter","","indonesia_new_netting_rules","Netting Static","FMO Portal Service",168,"{""expression"": ""#root['Entity.Booking_Entity_SCI_FMID'].contains('8')"", ""filterType"": ""ems3"", ""parameters"": {""appId"": ""51358"", ""appName"": ""RATAN_ENTITLEMENT_RULE""}}","Indonesia"
True,False,13,169,"2026-05-20 08:49:21.922",101,"2026-09-16 14:52:12.682","X_RATANONE","1603886","FM_BPMS.SUPPORT@sc.com","RATAN_PROD","RATAN_NETTING_RULE","darkIcons/rules.dark.svg","lightIcons/rules.light.svg","indonesia_cashflow_blotter_cn","","indonesia_cashflow_utilization_static_table","Utilization Static","1481696",169,"{""expression"": ""#root['Entity.Booking_Entity_SCI_FMID'].contains('8')"", ""filterType"": ""ems3"", ""parameters"": {""appId"": ""51358"", ""appName"": ""RATAN_ENTITLEMENT_RULE""}}","Indonesia"
True,False,13,170,"2026-05-20 09:19:31.328",101,"2026-09-16 09:48:43.078","X_RATANONE","1603886","FM_BPMS.SUPPORT@sc.com","RATAN_PROD","RATAN_NOSTRO_BLOTTER","darkIcons/rules.dark.svg","lightIcons/rules.light.svg","indonesia_nostro_static_container","","indonesia_nostro_static","Nostro Static","FMO Portal Service",170,"{""expression"": ""#root['Entity.Booking_Entity_SCI_FMID'].contains('8')"", ""filterType"": ""ems3"", ""parameters"": {""appId"": ""51358"", ""appName"": ""RATAN_ENTITLEMENT_RULE""}}","Indonesia"
True,False,8,171,"2026-05-20 09:38:27.354",101,"2026-09-16 09:48:43.067","X_RATANONE","1603886","FM_BPMS.SUPPORT@sc.com","RATAN_PROD","RATAN_PROFILE_LIMITS","darkIcons/icon09.svg","lightIcons/icon09.svg","indonesia_cashflow_blotter_cn","","indonesia_cashflow_authorization_limits","Authorization Limits","FMO Portal Service",171,"{""expression"": ""#root['Entity.Booking_Entity_SCI_FMID'].contains('8')"", ""filterType"": ""ems3"", ""parameters"": {""appId"": ""51358"", ""appName"": ""RATAN_ENTITLEMENT_RULE""}}","Indonesia"
True,False,8,172,"2026-05-20 09:43:25.586",101,"2026-09-16 09:48:43.069","X_RATANONE","1603886","FM_BPMS.SUPPORT@sc.com","RATAN_PROD","RATAN_SETTLEMENT_STP_RULE","darkIcons/rules.dark.svg","lightIcons/rules.light.svg","indonesia_rules_blotter","New","indonesia_new_nstp_rules","Settlement NSTP Rules","FMO Portal Service",172,"{""expression"": ""#root['Entity.Booking_Entity_SCI_FMID'].contains('8')"", ""filterType"": ""ems3"", ""parameters"": {""appId"": ""51358"", ""appName"": ""RATAN_ENTITLEMENT_RULE""}}","Indonesia"
True,False,8,173,"2026-05-20 09:46:47.563",101,"2026-09-16 09:48:43.071","X_RATANONE","1603886","FM_BPMS.SUPPORT@sc.com","RATAN_PROD","RATAN_SUPPRESSION_RULE","darkIcons/suppression.rules.svg","lightIcons/suppression.rules.svg","indonesia_rules_blotter","[Swift]","indonesia_swift_suppression_rules","Suppression Rules","FMO Portal Service",173,"{""expression"": ""#root['Entity.Booking_Entity_SCI_FMID'].contains('8')"", ""filterType"": ""ems3"", ""parameters"": {""appId"": ""51358"", ""appName"": ""RATAN_ENTITLEMENT_RULE""}}","Indonesia"
True,False,8,174,"2026-05-20 09:49:40.374",101,"2026-09-16 09:48:43.073","X_RATANONE","1603886","FM_BPMS.SUPPORT@sc.com","RATAN_PROD","RATAN_SUPPRESSION_RULE","darkIcons/suppression.rules.svg","lightIcons/suppression.rules.svg","indonesia_rules_blotter","[Cashflow]","indonesia_cashflow_suppression_rules","Suppression Rules","FMO Portal Service",174,"{""expression"": ""#root['Entity.Booking_Entity_SCI_FMID'].contains('8')"", ""filterType"": ""ems3"", ""parameters"": {""appId"": ""51358"", ""appName"": ""RATAN_ENTITLEMENT_RULE""}}","Indonesia"
True,False,44,175,"2026-05-22 08:14:41.963",96,"2026-06-29 07:33:21.348","VPA","8198883","","STAMP_ADMIN","Trade Monitor","darkIcons/mo.exception.dark.svg","lightIcons/mo.exception.light.svg","vpa","","monitor","Trade Monitor","1604901",175,NULL,NULL
True,False,5,177,"2026-06-02 04:34:44.229",24,"2026-09-18 13:38:26.497","GOLD_CUSTODY_IN","2015399","FM_BPMS.SUPPORT@sc.com","FSS_PROD","FSS GOLD CUSTODY IN","darkIcons/icon02.svg","lightIcons/icon02.svg","fss_gold_custody","","gold-custody","Gold Custody","FMO Portal Service",177,NULL,""
True,False,46,179,"2026-06-05 07:51:26.808",24,"2026-09-18 13:38:26.498","FSS_UI_RF_SG,FSS_UI_RF_PH,FSS_UI_RF_HK,FSS_UI_RF_GL, FSS_UI_RF_IN,FSS_UI_RF_MY,FSS_UI_RF_ID,FSSDS_UI_RF_SG,FSSDS_UI_RF_PH,FSSDS_UI_RF_HK,FSSDS_UI_RF_GL, FSSDS_UI_RF_IN, FSSDS_UI_RF_MY,FSSDS_UI_RF_ID,FSSDS_UI_RF_CN-FSS-PSS,FSSDS_UI_RF_GL-FSS-PSS,FSSDS_UI_RF_HK-FSS-PSS,FSSDS_UI_RF_SG-FSS-PSS,FSSDS_UI_RF_GL-CUS-TS,FSSDS_UI_RF_HK-CUS-TS,FSSDS_UI_RF_SG-CUS-TS,FSSDS_UI_RF_CN-CUS-TS,FSSDS_UI_RF_PK-FSS-PSS,FSSDS_UI_RF_PK-CUS-TS,FSSDS_UI_RF_KR-FSS-PSS,FSSDS_UI_RF_KR-CUS-TS,FSSDS_UI_RF_CN-CUS-CA,FSSDS_UI_RF_NG-CUS-FX,FSSDS_UI_RF_BH-CUS-REF,FSSDS_UI_RF_ZM-CUS-REF,FSSDS_UI_RF_ID-CUS-TS,FSSDS_UI_RF_QA-CUS-TS,FSSDS_UI_RF_TW-CUS-TS,FSSDS_UI_RF_UG-CUS-TS,FSSDS_UI_RF_LU-DA-DA,FSSDS_UI_RF_KE-FSS-PSS,FSSDS_UI_RF_BH-FSS-PSS,FSSDS_UI_RF_CI-FSS-PSS,FSSDS_UI_RF_EG-FSS-PSS,FSSDS_UI_RF_GE-FSS-PSS,FSSDS_UI_RF_BW-FSS-PSS,FSSDS_UI_RF_DC-FSS-PSS,FSSDS_UI_RF_GH-FSS-PSS,FSSDS_UI_RF_QA-FSS-PSS,FSSDS_UI_RF_OM-FSS-PSS,FSSDS_UI_RF_SA-FSS-PSS,FSSDS_UI_RF_BD-FSS-PSS,FSSDS_UI_RF_IN-FSS-PSS,FSSDS_UI_RF_LK-FSS-PSS,FSSDS_UI_RF_ZA-FSS-PSS,FSSDS_UI_RF_NG-FSS-PSS,FSSDS_UI_RF_MU-FSS-PSS,FSSDS_UI_RF_TZ-FSS-PSS,FSSDS_UI_RF_TW-FSS-PSS,FSSDS_UI_RF_TH-FSS-PSS,FSSDS_UI_RF_ID-FSS-PSS,FSSDS_UI_RF_MY-FSS-PSS,FSSDS_UI_RF_PH-FSS-PSS,FSSDS_UI_RF_VN-FSS-PSS,FSSDS_UI_RF_LU-FSS-PSS,FSSDS_UI_RF_BH-CUS-TS,FSSDS_UI_RF_CI-CUS-TS,FSSDS_UI_RF_EG-CUS-TS,FSSDS_UI_RF_GE-CUS-TS,FSSDS_UI_RF_BW-CUS-TS,FSSDS_UI_RF_DC-CUS-TS,FSSDS_UI_RF_GH-CUS-TS,FSSDS_UI_RF_OM-CUS-TS,FSSDS_UI_RF_SA-CUS-TS,FSSDS_UI_RF_BD-CUS-TS,FSSDS_UI_RF_IN-CUS-TS,FSSDS_UI_RF_LK-CUS-TS,FSSDS_UI_RF_ZA-CUS-TS,FSSDS_UI_RF_NG-CUS-TS,FSSDS_UI_RF_MU-CUS-TS,FSSDS_UI_RF_TZ-CUS-TS,FSSDS_UI_RF_TH-CUS-TS,FSSDS_UI_RF_MY-CUS-TS,FSSDS_UI_RF_PH-CUS-TS,FSSDS_UI_RF_VN-CUS-TS,FSSDS_UI_RF_LU-CUS-TS,FSSDS_UI_RF_HK_CUS-TS,FSSDS_UI_RF_HK_FSS-PSS,FSSDS_UI_RF_HK_CUS-TS,FSSDS_UI_RF_HK_CUS-POH,FSSDS_UI_RF_HK_CUS-CA,FSSDS_UI_RF_HK_CUS-FX,FSSDS_UI_RF_HK_CUS-MIS,FSSDS_UI_RF_HK_CUS-BLC,FSSDS_UI_RF_HK_CUS-REF,FSSDS_UI_RF_HK_DA-DA,FSSDS_UI_RF_HK_CASH-CASH,FSSDS_UI_RF_VN_FSS-PSS,FSSDS_UI_RF_VN_CUS-TS,FSSDS_UI_RF_VN_CUS-CA,FSSDS_UI_RF_VN_CUS-POH,FSSDS_UI_RF_VN_CUS-FX,FSSDS_UI_RF_VN_CUS-MIS,FSSDS_UI_RF_VN_CUS-BLC,FSSDS_UI_RF_VN_CUS-REF, FSSDS_UI_RF_VN_DA-DA,FSSDS_UI_RF_VN_CASH-CASH,FSSDS_UI_RF_IN_FSS-PSS,FSSDS_UI_RF_IN_CUS-TS,FSSDS_UI_RF_IN_CUS-CA,FSSDS_UI_RF_IN_CUS-POH,FSSDS_UI_RF_IN_CUS-FX,FSSDS_UI_RF_IN_CUS-MIS,FSSDS_UI_RF_IN_CUS-BLC,FSSDS_UI_RF_IN_CUS-REF,FSSDS_UI_RF_IN_DA-DA,FSSDS_UI_RF_IN_CASH-CASH,FSSDS_UI_RF_SG_FSS-PSS,FSSDS_UI_RF_SG_CUS-TS,FSSDS_UI_RF_SG_CUS-CA,FSSDS_UI_RF_SG_CUS-POH,FSSDS_UI_RF_SG_CUS-FX,FSSDS_UI_RF_SG_CUS-MIS,FSSDS_UI_RF_SG_CUS-BLC,FSSDS_UI_RF_SG_CUS-REF,FSSDS_UI_RF_SG_DA-DA,FSSDS_UI_RF_SG_CASH-CASH,FSSDS_UI_RF_TW_FSS-PSS,FSSDS_UI_RF_TW_CUS-TS,FSSDS_UI_RF_TW_CUS-CA,FSSDS_UI_RF_TW_CUS-POH,FSSDS_UI_RF_TW_CUS-FX,FSSDS_UI_RF_TW_CUS-MIS,FSSDS_UI_RF_TW_CUS-BLC,FSSDS_UI_RF_TW_CUS-REF,FSSDS_UI_RF_TW_DA-DA,FSSDS_UI_RF_TW_CASH-CASH,FSSDS_UI_RF_KR_FSS-PSS,FSSDS_UI_RF_KR_CUS-TS,FSSDS_UI_RF_KR_CUS-CA,FSSDS_UI_RF_KR_CUS-POH,FSSDS_UI_RF_KR_CUS-FX,FSSDS_UI_RF_KR_CUS-MIS,FSSDS_UI_RF_KR_CUS-BLC,FSSDS_UI_RF_KR_CUS-REF,FSSDS_UI_RF_KR_DA-DA,FSSDS_UI_RF_KR_CASH-CASH,FSSDS_UI_RF_GL_FSS-PSS,FSSDS_UI_RF_GL_CUS-TS,FSSDS_UI_RF_GL_CUS-CA,FSSDS_UI_RF_GL_CUS-POH,FSSDS_UI_RF_GL_CUS-FX,FSSDS_UI_RF_GL_CUS-MIS,FSSDS_UI_RF_GL_CUS-BLC,FSSDS_UI_RF_GL_CUS-REF,FSSDS_UI_RF_GL_DA-DA,FSSDS_UI_RF_GL_CASH-CASH,FSSDS_UI_RF_TH_FSS-PSS,FSSDS_UI_RF_TH_CUS-TS,FSSDS_UI_RF_TH_CUS-CA,FSSDS_UI_RF_TH_CUS-POH,FSSDS_UI_RF_TH_CUS-FX,FSSDS_UI_RF_TH_CUS-MIS,FSSDS_UI_RF_TH_CUS-BLC,FSSDS_UI_RF_TH_CUS-REF,FSSDS_UI_RF_TH_DA-DA,FSSDS_UI_RF_TH_CASH_CASH,FSSDS_UI_RF_CN_FSS_PSS,FSSDS_UI_RF_CN_CUS-TS,FSSDS_UI_RF_CN_CUS-CA,FSSDS_UI_RF_CN_CUS-POH,FSSDS_UI_RF_CN_CUS-FX,FSSDS_UI_RF_CN_CUS-MIS,FSSDS_UI_RF_CN_CUS-BLC,FSSDS_UI_RF_CN_CUS-REF,FSSDS_UI_RF_CN_DA-DA,FSSDS_UI_RF_CN_CASH-CASH,FSSDS_UI_RF_DC_FSS-PSS,FSSDS_UI_RF_DC_CUS-TS,FSSDS_UI_RF_DC_CUS-CA,FSSDS_UI_RF_DC_CUS-POH,FSSDS_UI_RF_DC_CUS-FX,FSSDS_UI_RF_DC_CUS-MIS,FSSDS_UI_RF_DC_CUS-BLC,FSSDS_UI_RF_DC_CUS-REF,FSSDS_UI_RF_DC_DA-DA,FSSDS_UI_RF_DC_CASH-CASH,FSSDS_UI_RF_EG_FSS-PSS,FSSDS_UI_RF_EG_CUS-TS,FSSDS_UI_RF_EG_CUS-CA,FSSDS_UI_RF_EG_CUS-POH,FSSDS_UI_RF_EG_CUS-FX,FSSDS_UI_RF_EG_CUS-MIS,FSSDS_UI_RF_EG_CUS-BLC,FSSDS_UI_RF_EG_CUS-REF,FSSDS_UI_RF_EG_DA-DA,FSSDS_UI_RF_EG_CASH-CASH,FSS_UI_RF_BD_FSS_PSS,FSSDS_UI_RF_BD_CUS-TS,FSSDS_UI_RF_BD_CUS-CA,FSSDS_UI_RF_BD_CUS-POH,FSSDS_UI_RF_BD_CUS-FX,FSSDS_UI_RF_BD_CUS-MIS,FSSDS_UI_RF_BD_CUS-BLC,FSSDS_UI_RF_BD_CUS-REF,FSSDS_UI_RF_BD_DA-DA,FSSDS_UI_RF_BD_CASH-CASH,FSSDS_UI_RF_BH_CUS-TS,FSSDS_UI_RF_BH_CUS-CA,FSSDS_UI_RF_BH_CUS-POH,FSSDS_UI_RF_BH_CUS-FX,FSSDS_UI_RF_BH_CUS-MIS,FSSDS_UI_RF_BH_CUS-BLC,FSSDS_UI_RF_BH_CUS-REF,FSSDS_UI_RF_BH_FSS_PSS,FSSDS_UI_RF_BH_DA-DA,FSSDS_UI_RF_BH_CASH-CASH,FSSDS_UI_RF_KE_FSS-PSS,FSSDS_UI_RF_KE_CUS-TS,FSSDS_UI_RF_KE_CUS-CA,FSSDS_UI_RF_KE_CUS-POH,FSSDS_UI_RF_KE_CUS-FX,FSSDS_UI_RF_KE_CUS-MIS,FSSDS_UI_RF_KE_CUS-BLC,FSSDS_UI_RF_KE_CUS-REF,FSSDS_UI_RF_KE_DA-DA,FSSDS_UI_RF_KE_CASH-CASH,FSSDS_UI_RF_LK_FSS-PSS,FSSDS_UI_RF_LK_CUS-TS,FSSDS_UI_RF_LK_CUS-CA,FSSDS_UI_RF_LK_CUS-POH,FSSDS_UI_RF_LK_CUS-FX,FSSDS_UI_RF_LK_CUS-MIS,FSSDS_UI_RF_LK_CUS-BLC,FSSDS_UI_RF_LK_CUS-REF,FSSDS_UI_RF_LK_DA-DA,FSSDS_UI_RF_LK_CASH-CASH,FSSDS_UI_RF_LU_FSS-PSS,FSSDS_UI_RF_LU_CUS-TS,FSSDS_UI_RF_LU_CUS-CA,FSSDS_UI_RF_LU_CUS-POH,FSSDS_UI_RF_LU_CUS-FX,FSSDS_UI_RF_LU_CUS-MIS,FSSDS_UI_RF_LU_CUS-BLC,FSSDS_UI_RF_LU_CUS-REF,FSSDS_UI_RF_LU_DA-DA,FSSDS_UI_RF_LU_CASH-CASH,FSSDS_UI_RF_MU_FSS-PSS,FSSDS_UI_RF_MU_CUS-TS,FSSDS_UI_RF_MU_CUS-CA,FSSDS_UI_RF_MU_CUS-POH,FSSDS_UI_RF_MU_CUS-FX,FSSDS_UI_RF_MU_CUS-MIS,FSSDS_UI_RF_MU_CUS-BLC,FSSDS_UI_RF_MU_CUS-REF,FSSDS_UI_RF_MU_DA-DA,FSSDS_UI_RF_MU_CASH-CASH,FSSDS_UI_RF_MY_FSS-PSS,FSSDS_UI_RF_MY_CUS-TS,FSSDS_UI_RF_MY_CUS-CA,FSSDS_UI_RF_MY_CUS-POH,FSSDS_UI_RF_MY_CUS-FX,FSSDS_UI_RF_MY_CUS-MIS,FSSDS_UI_RF_MY_CUS-BLC,FSSDS_UI_RF_MY_CUS-REF,FSSDS_UI_RF_MY_DA-DA,FSSDS_UI_RF_MY_CASH-CASH,FSS_UI_RF_AE_FSS_PSS,FSSDS_UI_RF_AE_CUS-TS,FSSDS_UI_RF_AE_CUS-CA,FSSDS_UI_RF_AE_CUS-POH,FSSDS_UI_RF_AE_CUS-FX,FSSDS_UI_RF_AE_CUS-MIS,FSSDS_UI_RF_AE_CUS-BLC,FSSDS_UI_RF_AE_CUS-REF,FSSDS_UI_RF_AE_DA-DA,FSSDS_UI_RF_AE_CASH-CASH,FSS_UI_RF_BW_FSS_PSS,FSSDS_UI_RF_BW_CUS-TS,FSSDS_UI_RF_BW_CUS-CA,FSSDS_UI_RF_BW_CUS-POH,FSSDS_UI_RF_BW_CUS-FX,FSSDS_UI_RF_BW_CUS-MIS,FSSDS_UI_RF_BW_CUS-BLC,FSSDS_UI_RF_BW_CUS-REF,FSSDS_UI_RF_BW_DA-DA,FSSDS_UI_RF_BW_CASH-CASH,FSS_UI_RF_PH_FSS_PSS,FSSDS_UI_RF_PH_CUS-TS,FSSDS_UI_RF_PH_CUS-CA,FSSDS_UI_RF_PH_CUS-POH,FSSDS_UI_RF_PH_CUS-FX,FSSDS_UI_RF_PH_CUS-MIS,FSSDS_UI_RF_PH_CUS-BLC,FSSDS_UI_RF_PH_CUS-REF,FSSDS_UI_RF_PH_DA-DA,FSSDS_UI_RF_PH_CASH-CASH,FSS_UI_RF_SA_FSS_PSS,FSSDS_UI_RF_SA_CUS-TS,FSSDS_UI_RF_SA_CUS-CA,FSSDS_UI_RF_SA_CUS-POH,FSSDS_UI_RF_SA_CUS-FX,FSSDS_UI_RF_SA_CUS-MIS,FSSDS_UI_RF_SA_CUS-BLC,FSSDS_UI_RF_SA_CUS-REF,FSSDS_UI_RF_SA_DA-DA,FSSDS_UI_RF_SA_CASH-CASH,FSS_UI_RF_GE_FSS_PSS,FSSDS_UI_RF_GE_CUS-TS,FSSDS_UI_RF_GE_CUS-CA,FSSDS_UI_RF_GE_CUS-POH,FSSDS_UI_RF_GE_CUS-FX,FSSDS_UI_RF_GE_CUS-MIS,FSSDS_UI_RF_GE_CUS-BLC,FSSDS_UI_RF_GE_CUS-REF,FSSDS_UI_RF_GE_DA-DA,FSSDS_UI_RF_GE_CASH-CASH,FSS_UI_RF_ID_FSS_PSS,FSSDS_UI_RF_ID_CUS-TS,FSSDS_UI_RF_ID_CUS-CA,FSSDS_UI_RF_ID_CUS-POH,FSSDS_UI_RF_ID_CUS-FX,FSSDS_UI_RF_ID_CUS-MIS,FSSDS_UI_RF_ID_CUS-BLC,FSSDS_UI_RF_ID_CUS-REF,FSSDS_UI_RF_ID_DA-DA,FSSDS_UI_RF_ID_CASH-CASH,FSS_UI_RF_CI_FSS_PSS,FSSDS_UI_RF_CI_CUS-TS,FSSDS_UI_RF_CI_CUS-CA,FSSDS_UI_RF_CI_CUS-POH,FSSDS_UI_RF_CI_CUS-FX,FSSDS_UI_RF_CI_CUS-MIS,FSSDS_UI_RF_CI_CUS-BLC,FSSDS_UI_RF_CI_CUS-REF,FSSDS_UI_RF_CI_DA-DA,FSSDS_UI_RF_CI_CASH-CASH,FSSDS_UI_RF_PK_CUS-CA,FSSDS_UI_RF_PK_CUS-POH,FSSDS_UI_RF_PK_CUS-FX,FSSDS_UI_RF_PK_CUS-MIS,FSSDS_UI_RF_PK_CUS-BLC,FSSDS_UI_RF_PK_CUS-REF,FSSDS_UI_RF_PK_CASH-CASH","1606194","FM_BPMS.SUPPORT@sc.com","FSS_PROD","FSS Datastore Reporting Framework","darkIcons/icon14.svg","lightIcons/icon14.svg","fssds_rf_report","","rf-report","Reporting Framework","FMO Portal Service",179,NULL,""
False,False,13,181,"2026-06-16 09:06:50.049",10,"2026-08-12 01:59:01.572","X_RATANONE","1603886","FM_BPMS.SUPPORT@sc.com","RATAN_PROD","RATAN_NOSTRO_BLOTTER","darkIcons/rules.dark.svg","lightIcons/rules.light.svg","nostro_static_container","","release_cutoff_static","Release Cutoff Static","2000115",181,NULL,NULL
True,False,5,182,"2026-06-16 09:25:26.125",24,"2026-09-26 08:10:21.91","FSSFM_GATING_TXN_HK","2015399","FM_BPMS.SUPPORT@sc.com","FSS_PROD","FSS Services Funds Gating","darkIcons/icon13.svg","lightIcons/icon13.svg","fss_funds_gating","","funds-gating","FSS Gating","1606194",182,NULL,""
True,False,13,183,"2026-06-17 03:40:59.024",10,"2026-08-27 07:16:04.588","X_RATANONE","1603886","FM_BPMS.SUPPORT@sc.com","RATAN_PROD","RATAN_NOSTRO_BLOTTER","darkIcons/rules.dark.svg","lightIcons/rules.light.svg","nostro_static_container","","currency_mapping","Currency Mapping","2000115",183,NULL,NULL
False,False,13,184,"2026-06-17 05:59:51.368",10,"2026-08-12 01:59:25.057","X_RATANONE","1603886","","RATAN_PROD","RATAN_NOSTRO_BLOTTER","darkIcons/rules.dark.svg","lightIcons/rules.light.svg","nostro_static_container","","accounting_static","Accounting Static","2000115",184,NULL,NULL
False,False,13,185,"2026-06-17 06:04:50.435",10,"2026-08-12 01:59:30.409","X_RATANONE","1603886","FM_BPMS.SUPPORT@sc.com","RATAN_PROD","RATAN_NOSTRO_BLOTTER","darkIcons/rules.dark.svg","lightIcons/rules.light.svg","nostro_static_container","","swift_static","Swift Static","2000115",185,NULL,NULL
True,False,5,187,"2026-06-23 13:25:10.541",24,"2026-09-18 13:38:26.5","PLACEHOLDER","2015399","FM_BPMS.SUPPORT@sc.com","FSS_PROD","PLACEHOLDER","darkIcons/icon05.svg","lightIcons/icon05.svg","PLACEHOLDER","","PLACEHOLDER","PLACEHOLDER","FMO Portal Service",187,NULL,""
True,False,5,189,"2026-07-01 12:00:54.02",20,"2026-09-18 13:38:26.501","FSSDA_CLM_AE","1606194","FSSServices_DA_Dev@exchange.standardchartered.com","FSS_PROD","Digital Asset Collateral Management","darkIcons/icon01.svg","lightIcons/icon01.svg","da_collateral_management","","da_collateral_management_tiles","DA - Col. Management","FMO Portal Service",189,NULL,""
True,False,15,191,"2026-07-28 05:43:50.201",10,"2026-09-16 09:48:43.057","X_RATANONE","1603886","FM_BPMS.SUPPORT@sc.com","RATAN_PROD","RATAN_OPTION_EXPIRY_BLOTTER","darkIcons/trade.dark.svg","lightIcons/trade.light.svg","trade_blotter","","option_expiry","Option Expiry Blotter","FMO Portal Service",191,NULL,""
False,True,42,192,"2026-07-29 03:43:56.785",102,"2026-07-29 03:45:08.035","15","1622463","","RATAN_PROD","14","darkIcons/cashflow.dark.svg","lightIcons/cashflow.light.svg","12","11","13","1mo","1622463",192,NULL,NULL
True,False,4,193,"2026-07-29 05:34:11.216",10,"2026-08-10 12:38:44.986","X_RATANONE","2000115","FM_BPMS.SUPPORT@sc.com","RATAN_PROD","","darkIcons/exception.dark.svg","lightIcons/exception.light.svg","exceptions_blotter","","exception_auto_recover","Exception Auto Recover","1622463",193,NULL,NULL
False,True,46,194,"2026-07-31 05:16:04.676",60,"2026-09-18 13:38:26.502","FSS_SAMPLE","1606194","sample.1@gmail.com","FSS_PROD","data","darkIcons/cashflow.dark.svg","lightIcons/cn.settlement.light.svg","fss_df_report","FSS DS Query","rf_report","FSS DS Query","FMO Portal Service",194,NULL,""
False,True,46,195,"2026-08-01 07:41:08.202",60,"2026-09-18 13:38:26.503","sgs","1606194","","FSS_PROD","sgs","darkIcons/cashflow.dark.svg","lightIcons/cn.settlement.light.svg","hjh","","fss","FSS DS Query","FMO Portal Service",195,NULL,""
True,False,13,196,"2026-08-12 01:53:52.563",10,"2026-08-12 01:54:49.013","X_RATANONE","1603886","FM_BPMS.SUPPORT@sc.com","RATAN_PROD","RATAN_NOSTRO_BLOTTER","darkIcons/rules.dark.svg","lightIcons/rules.light.svg","nostro_static_container","","new_entity_onboarding","New Entity Onboarding","2000115",196,NULL,NULL
True,False,9,202,"2026-09-03 09:43:49.337",102,"2026-09-03 22:03:05.497","1","1622463","1","RATAN_PROD","1","darkIcons/cashflow.dark.svg","lightIcons/cashflow.light.svg","1","11","1","11haha","1622463",202,NULL,NULL
False,False,9,212,"2026-09-03 22:04:43.355",102,"2026-09-03 22:04:43.355","1","1622463","1","RATAN_PROD","1","darkIcons/cashflow.dark.svg","lightIcons/cashflow.light.svg","1","11","1","11","1622463",212,NULL,NULL
False,False,9,214,"2026-09-04 02:11:39.141",102,"2026-09-04 02:11:39.141","1","1481696","","RATAN_PROD","1","darkIcons/cashflow.dark.svg","lightIcons/cashflow.light.svg","1","1","1","123","1481696",214,NULL,"Global"
False,False,9,215,"2026-09-04 15:50:16.9",102,"2026-09-16 18:16:12.065","1","1481696","1","RATAN_PROD","1","darkIcons/cashflow.dark.svg","lightIcons/cashflow.light.svg","1","11","1","11","1622463",215,"{""expression"": ""!#root['Entity.Booking_Entity_SCI_FMID'].?[#this != '8'].isEmpty()"", ""filterType"": ""ems3"", ""parameters"": {""appId"": ""51358"", ""appName"": ""RATAN_ENTITLEMENT_RULE""}}",NULL
