"is_active","created_at","import_map_id","updated_at","created_by","ems2_role","key_name","path","updated_by"
True,"2025-02-20 07:14:20.49174",1,"2025-02-20 07:14:20.49174","FMO_PORTAL_SERVICE","FMO_ADMIN","single-spa","/js/external/single-spa.dev.js","FMO_PORTAL_SERVICE"
True,"2025-02-20 07:14:20.49174",2,"2025-02-20 07:14:20.49174","FMO_PORTAL_SERVICE","FMO_ADMIN","react","/js/external/react.development.js","FMO_PORTAL_SERVICE"
True,"2025-02-20 07:14:20.49174",3,"2025-02-20 07:14:20.49174","FMO_PORTAL_SERVICE","FMO_ADMIN","react-dom","/js/external/react-dom.development.js","FMO_PORTAL_SERVICE"
True,"2025-02-20 07:14:20.49174",4,"2025-02-20 07:14:20.49174","FMO_PORTAL_SERVICE","FMO_ADMIN","root-config","/config.js","FMO_PORTAL_SERVICE"
True,"2025-02-20 07:14:20.49174",5,"2025-02-20 07:14:20.49174","FMO_PORTAL_SERVICE","FMO_ADMIN","base","/base/base.js","FMO_PORTAL_SERVICE"
True,"2025-02-20 07:14:20.49174",6,"2025-02-20 07:14:20.49174","FMO_PORTAL_SERVICE","FMO_ADMIN","template","/template/template.js","FMO_PORTAL_SERVICE"
True,"2025-02-20 07:14:20.49174",7,"2025-02-20 07:14:20.49174","FMO_PORTAL_SERVICE","FMO_ADMIN","template_container","/template_container/template_container.js","FMO_PORTAL_SERVICE"
True,"2025-02-20 07:14:20.49174",10,"2026-09-16 09:48:42.758","FMO_PORTAL_SERVICE","RATAN_PROD","ratan_container","/ratan_container/ratan_container.js","FMO Portal Service"
True,"2025-02-20 07:14:20.49174",11,"2026-09-16 09:48:42.757","FMO_PORTAL_SERVICE","RATAN_PROD","ratan_cashflow","/ratan_cashflow/ratan_cashflow.js","FMO Portal Service"
True,"2025-02-20 07:14:20.49174",12,"2026-09-16 09:48:42.755","FMO_PORTAL_SERVICE","RATAN_PROD","ratan_trades","/ratan_trade/ratan_trades.js","FMO Portal Service"
True,"2025-02-20 07:14:20.49174",13,"2026-09-16 09:48:42.754","FMO_PORTAL_SERVICE","RATAN_PROD","ratan_exception","/ratan_exception/ratan_exception.js","FMO Portal Service"
True,"2025-02-20 07:14:20.49174",14,"2026-09-16 09:48:42.751","FMO_PORTAL_SERVICE","RATAN_PROD","ratan_rules","/ratan_rules/ratan_rules.js","FMO Portal Service"
True,"2025-02-20 07:14:20.49174",15,"2026-09-16 09:48:42.752","FMO_PORTAL_SERVICE","RATAN_PROD","ratan_authorization_limits","/ratan_authorization_limits/ratan_authorization_limits.js","FMO Portal Service"
True,"2025-02-20 07:14:20.49174",16,"2026-09-16 09:48:42.749","FMO_PORTAL_SERVICE","RATAN_PROD","ratan_cashflow_blotter","/ratan_cashflow_blotter/ratan_cashflow_blotter.js","FMO Portal Service"
True,"2025-02-20 07:14:20.49174",17,"2026-09-16 09:48:42.747","FMO_PORTAL_SERVICE","RATAN_PROD","ratan_nostro_static","/ratan_nostro_static/ratan_nostro_static.js","FMO Portal Service"
True,"2025-02-20 07:14:20.49174",18,"2026-09-18 14:16:57.891","FMO_PORTAL_SERVICE","FSS_PROD","mfe_fssservices_container","/mfe_fssservices_container/mfe_fssservices_container.js","FMO Portal Service"
True,"2025-02-20 07:14:20.49174",19,"2026-09-18 14:16:57.892","FMO_PORTAL_SERVICE","FSS_PROD","mfe_fssservices_tiles","/mfe_fssservices_tiles/mfe_fssservices_tiles.js","FMO Portal Service"
True,"2025-02-20 07:14:20.49174",20,"2026-09-18 14:16:57.893","FMO_PORTAL_SERVICE","FSS_PROD","mfe_fssservices_peregrine_container","/mfe_fssservices_peregrine_container/mfe_fssservices_container.js","FMO Portal Service"
True,"2025-02-20 07:14:20.49174",21,"2026-09-18 14:16:57.894","FMO_PORTAL_SERVICE","FSS_PROD","mfe_fssservices_peregrine_tiles","/mfe_fssservices_peregrine_tiles/mfe_fssservices_tiles.js","FMO Portal Service"
True,"2025-02-20 07:14:20.49174",22,"2026-09-18 14:16:57.894","FMO_PORTAL_SERVICE","FSS_PROD","mfe_fssservices_bap_container","/mfe_fssservices_bap_container/mfe_fssservices_container.js","FMO Portal Service"
True,"2025-02-20 07:14:20.49174",23,"2026-09-18 14:16:57.895","FMO_PORTAL_SERVICE","FSS_PROD","mfe_fssservices_bap_tiles","/mfe_fssservices_bap_tiles/mfe_fssservices_tiles.js","FMO Portal Service"
True,"2025-02-20 07:14:20.49174",24,"2026-09-18 14:16:57.896","FMO_PORTAL_SERVICE","FSS_PROD","fssservices_container","/fssservices_container/fssservices_container.js","FMO Portal Service"
True,"2025-02-20 07:14:20.49174",25,"2026-09-18 14:16:57.896","FMO_PORTAL_SERVICE","FSS_PROD","fss_feeaccrual_reference","/fss_feeaccrual_reference/fssservices_tiles.js","FMO Portal Service"
True,"2025-02-20 07:14:20.49174",26,"2026-09-18 14:16:57.897","FMO_PORTAL_SERVICE","FSS_PROD","fss_feeaccrual_transaction","/fss_feeaccrual_transaction/fssservices_tiles.js","FMO Portal Service"
True,"2025-02-20 07:14:20.49174",27,"2025-02-20 07:14:20.49174","FMO_PORTAL_SERVICE","srv.liquser.001","loanIq_container","/loanIq_container/loanIq_container.js","FMO_PORTAL_SERVICE"
True,"2025-02-20 07:14:20.49174",30,"2025-02-20 07:14:20.49174","FMO_PORTAL_SERVICE","SSIPLUS_PROD","ssi_container","/ssi_container/ssi_container.js","FMO_PORTAL_SERVICE"
True,"2025-02-20 07:14:20.49174",31,"2025-02-20 07:14:20.49174","FMO_PORTAL_SERVICE","SSIPLUS_PROD","ssi_tiles","/ssi_tiles/ssi_tiles.js","FMO_PORTAL_SERVICE"
True,"2025-02-20 07:14:20.49174",32,"2025-02-20 07:14:20.49174","FMO_PORTAL_SERVICE","STAMP_ADMIN","stamp_container","/stamp_container/stamp_container.js","FMO_PORTAL_SERVICE"
True,"2025-02-20 07:14:20.49174",33,"2025-02-20 07:14:20.49174","FMO_PORTAL_SERVICE","STAMP_ADMIN","stamp_tiles","/stamp_tiles/stamp_tiles.js","FMO_PORTAL_SERVICE"
True,"2025-02-20 07:14:20.49174",36,"2026-09-18 14:16:57.898","FMO_PORTAL_SERVICE","FSS_PROD","fss_rules_management","/fss_rules_management/fssservices_tiles.js","FMO Portal Service"
True,"2025-02-20 07:14:20.49174",37,"2026-09-18 14:16:57.898","FMO_PORTAL_SERVICE","FSS_PROD","fss_payments_reference","/fss_payments_reference/fssservices_tiles.js","FMO Portal Service"
True,"2025-02-20 07:14:20.49174",38,"2026-09-18 14:16:57.899","FMO_PORTAL_SERVICE","FSS_PROD","fss_payments_transaction","/fss_payments_transaction/fssservices_tiles.js","FMO Portal Service"
True,"2025-02-20 07:14:20.491",39,"2025-04-09 04:39:19.631","FMO_PORTAL_SERVICE","RATAN_PROD","ratan_config_management","/ratan_config_management/ratan_config_management.js","FMO Portal Service"
True,"2025-02-20 07:14:20.49174",52,"2025-02-20 07:14:20.49174","FMO_PORTAL_SERVICE","CDUPS_ADMIN","cdups_container","/cdups_container/cdups_container.js","FMO_PORTAL_SERVICE"
True,"2025-02-20 07:14:20.49174",53,"2026-04-08 09:51:45.219","FMO_PORTAL_SERVICE","CDUPS_ADMIN","cdups_tiles","/cdups_tiles/cdups_ui_service.js","1581803"
True,"2025-12-02 10:48:46.171",54,"2025-12-02 10:48:46.171","FMO Portal Service","srv.ems2.001","mfe_ems3_tiles","/fmces_tiles/mfe_ems3_tiles.js","FMO Portal Service"
True,"2025-12-02 10:48:46.173",55,"2025-12-02 10:48:46.173","FMO Portal Service","srv.ems2.001","mfe_ems3_container","/fmces_container/mfe_ems3_container.js","FMO Portal Service"
True,"2025-02-20 07:14:20.49174",58,"2026-09-18 14:16:57.9","FMO_PORTAL_SERVICE","FSS_PROD","fss_billing_evat","/fss_billing_evat/fssservices_tiles.js","FMO Portal Service"
True,"2025-02-20 07:14:20.49174",60,"2026-09-18 14:16:57.9","FMO_PORTAL_SERVICE","FSS_PROD","fss_mosaic","/fss_mosaic/fssservices_tiles.js","FMO Portal Service"
True,"2025-04-02 10:06:26.088",62,"2026-09-18 14:16:57.901","2015399","FSS_PROD","fss_exception_management","/fss_exception_management/fssservices_tiles.js","FMO Portal Service"
False,"2025-04-09 04:37:54.519",64,"2026-09-16 09:48:42.745","1243644","RATAN_PROD","tech_testing","/ratan_container/ratan_containe111.js","FMO Portal Service"
True,"2025-04-09 10:32:29.715",66,"2026-09-16 09:48:42.759","1243644","RATAN_PROD","flowzero","/static/flowzero/flowzero.js","FMO Portal Service"
True,"2025-04-17 02:12:37.478",67,"2025-04-17 02:13:28.92","1490627","RATAN_PROD","Verification_Sample_Model","Verification_Sample_Model/ratan_cashflow_blotter.js","1243644"
False,"2025-06-05 01:57:38.557",68,"2026-06-11 08:27:42.554","2013618","srv.54865.fssdatastore.001","fssdatastore_container","/fssdatastore_container/fssdatastore_container.js","1412399"
True,"2025-06-05 01:58:07.59",69,"2026-06-10 08:01:25.74","2013618","srv.54865.fssdatastore.001","fssds_test_rf_report","/fssds_rf_report/fssdatastore_tiles.js","1412399"
True,"2025-06-19 08:13:21.571",71,"2026-09-18 14:16:57.902","2015399","FSS_PROD","fss_business_rules","/fss_business_rules/fssservices_tiles.js","FMO Portal Service"
True,"2025-07-22 06:17:58.974",73,"2026-09-18 14:16:57.908","1606194","FSS_PROD","fss_ca_domestic_disbursement","/fss_ca_domestic_disbursement/fssservices_tiles.js","FMO Portal Service"
True,"2025-07-23 08:25:45.306",75,"2026-09-18 14:16:57.902","2015399","FSS_PROD","fss_billing","/fss_billing/fssservices_tiles.js","FMO Portal Service"
True,"2025-08-05 07:34:42.469",76,"2026-09-18 13:38:26.282","2015399","FSS_PROD","fss_da_billing","/fss_da_billing/fssservices_tiles.js","FMO Portal Service"
True,"2025-09-02 03:28:40.597",80,"2026-04-18 03:04:53.682","FMO Portal Service","srv.51507.ssdr.002","ssdr_container","/static/ssdr/container/ssdr_container.js","1611336"
True,"2025-09-02 03:28:40.598",81,"2026-05-20 07:07:40.447","FMO Portal Service","srv.51507.ssdr.002","ssdr_tiles","/static/ssdr/tiles/ssdr_tiles.js","1611336"
True,"2025-09-16 12:54:54.943",83,"2026-09-18 14:16:57.903","2015399","FSS_PROD","fss_rebalancing","/fss_rebalancing/fssservices_tiles.js","FMO Portal Service"
True,"2025-10-10 02:06:12.359",85,"2026-09-18 14:16:57.904","2015399","FSS_PROD","fss_nav_calculation","/fss_nav_calculation/fssservices_tiles.js","FMO Portal Service"
True,"2025-10-10 02:06:51.724",86,"2026-09-18 14:16:57.904","2015399","FSS_PROD","fss_price_metrics","/fss_price_metrics/fssservices_tiles.js","FMO Portal Service"
True,"2025-10-10 10:17:06.866",87,"2026-09-18 14:16:57.904","2015399","FSS_PROD","fss_price_metrics_reference","/fss_price_metrics_reference/fssservices_tiles.js","FMO Portal Service"
True,"2025-10-29 06:10:10.298",89,"2026-09-18 13:38:26.289","2015399","FSS_PROD","fss_gold_custody","/fss_gold_custody/fssservices_tiles.js","FMO Portal Service"
True,"2025-11-21 09:48:35.153",91,"2026-09-18 14:16:57.905","1606194","FSS_PROD","fss_ca_disbursement","/fss_ca_disbursement/fssservices_tiles.js","FMO Portal Service"
True,"2025-12-10 08:14:52.052",93,"2026-09-18 14:16:57.906","1606194","FSS_PROD","fss_fair_price_metrics","/fss_fair_price_metrics/fssservices_tiles.js","FMO Portal Service"
True,"2025-12-15 10:09:52.465",94,"2026-09-18 14:16:57.906","1606194","FSS_PROD","fssds_cash_projection","/fssds_cash_projection/fssds_rule_engine.js","FMO Portal Service"
True,"2026-04-09 01:54:26.022",96,"2026-04-09 01:56:47.634","8198883","STAMP_ADMIN","vpa_container","/vpa_container/vpa_container.js","1604901"
True,"2026-04-09 01:55:10.822",97,"2026-04-09 01:56:43.286","8198883","STAMP_ADMIN","vpa_tiles","/vpa_tiles/vpa_tiles.js","1604901"
False,"2026-04-26 08:56:37.066",98,"2026-06-18 03:09:53.175","1431833","srv.51507.ssdr.002","mfe-ssdr-report-download","/static/ssdr/report-download/report-download.js","1431833"
True,"2026-04-28 01:55:24.803",99,"2026-07-09 08:42:48.891","1431833","srv.51507.ssdr.002","mfe-ssdr-report-scheduler","/static/ssdr/report-scheduler/report-scheduler.js","1611336"
True,"2026-05-20 07:17:02.561",101,"2026-09-16 09:48:42.761","1603886","RATAN_PROD","idns_container","/static/idns/idns_container/idns_container.js","FMO Portal Service"
True,"2026-05-20 07:18:23.605",102,"2026-09-16 09:48:42.762","1603886","RATAN_PROD","idns_cashflow_blotter","/static/idns/idns_cashflow_blotter/idns_cashflow_blotter.js","FMO Portal Service"
True,"2026-05-20 08:16:41.012",103,"2026-09-16 09:48:42.764","1622463","RATAN_PROD","idns_nostro_static","/static/idns/idns_nostro_static/idns_nostro_static.js","FMO Portal Service"
True,"2026-05-20 08:17:26.153",104,"2026-09-16 09:48:42.765","1622463","RATAN_PROD","idns_rules","/static/idns/idns_rules/idns_rules.js","FMO Portal Service"
True,"2026-06-10 07:31:49.335",109,"2026-09-18 14:16:57.907","2013529","FSS_PROD","fssds_rf_report","/fssds_rf_report/fssdatastore_tiles.js","FMO Portal Service"
True,"2026-06-16 09:23:24.245",111,"2026-09-18 14:16:57.908","2015399","FSS_PROD","fss_funds_gating","/fss_funds_gating/fssservices_tiles.js","FMO Portal Service"
True,"2026-06-23 13:22:28.921",113,"2026-09-18 13:38:26.301","2015399","FSS_PROD","fss_ssi","/fss_ssi/fssservices_tiles.js","FMO Portal Service"
True,"2026-07-16 13:14:12.674",115,"2026-09-18 13:38:26.303","1606194","FSS_PROD","da_collateral_management","/da_collateral_management_tile/da_collateral_management_tiles.js","FMO Portal Service"
False,"2026-07-31 05:19:10.4",117,"2026-09-18 13:38:26.304","1606194","FSS_PROD","fss_report_module","/ada_collaterlesample.js","FMO Portal Service"
False,"2026-07-31 18:58:25.219",118,"2026-09-18 13:38:26.306","1606194","FSS_PROD","fss_report_modules","/fss_ss/fss_service.js","FMO Portal Service"
False,"2026-08-02 15:22:06.329",120,"2026-09-18 13:38:26.307","1606194","FSS_PROD","fss_sstm_transaction","/fss_sstm_transaction/fss_sstm_tile.js","FMO Portal Service"
