tile,container,action,timestamp,userId,userProfile
trade_blotter,ratan_container,input,2026-03-16T13:44:10.657Z,user_146,manager
cashflow_blotter,ratan_container,focus,2026-03-19T16:16:40.998Z,user_244,admin
cashflow_blotter,ratan_container,input,2026-03-18T01:45:44.670Z,user_312,manager
flow_zero,ratan_container,submit,2026-03-24T14:58:49.539Z,user_170,trader
cashflow_blotter,ratan_container,input,2026-03-16T05:04:24.067Z,user_216,viewer
flow_zero,ratan_container,click,2026-04-04T19:53:17.059Z,user_257,viewer
market_data_grid,trading_container,click,2026-03-21T18:23:40.326Z,user_442,admin
cashflow_blotter,ratan_container,scroll,2026-03-23T01:47:40.271Z,user_408,analyst
trade_blotter,ratan_container,navigation,2026-03-25T13:13:59.527Z,user_362,manager
market_data_grid,trading_container,click,2026-04-14T21:24:05.316Z,user_67,viewer
cashflow_blotter,ratan_container,click,2026-03-29T11:55:32.532Z,user_379,viewer
cashflow_blotter,ratan_container,hover,2026-03-23T17:24:39.649Z,user_332,trader
flow_zero,ratan_container,click,2026-04-12T23:59:27.133Z,user_248,viewer
market_data_grid,trading_container,input,2026-03-16T07:29:05.198Z,user_196,manager
risk_dashboard,analytics_container,click,2026-03-19T07:25:19.583Z,user_116,trader
trade_blotter,ratan_container,input,2026-03-19T21:40:28.901Z,user_88,analyst
risk_dashboard,analytics_container,hover,2026-04-12T02:32:48.304Z,user_108,viewer
cashflow_blotter,ratan_container,click,2026-03-16T11:07:13.976Z,user_496,viewer
flow_zero,ratan_container,navigation,2026-03-30T08:33:33.210Z,user_204,manager
cashflow_blotter,ratan_container,focus,2026-03-20T07:36:56.473Z,user_478,viewer
portfolio_analytics,analytics_container,blur,2026-03-18T17:56:49.025Z,user_102,trader
flow_zero,ratan_container,submit,2026-03-29T05:04:15.384Z,user_143,trader
trade_blotter,ratan_container,hover,2026-04-03T03:07:44.873Z,user_122,admin
portfolio_analytics,analytics_container,input,2026-03-30T12:13:19.978Z,user_314,trader
cashflow_blotter,ratan_container,scroll,2026-04-01T23:54:23.914Z,user_185,viewer
market_data_grid,trading_container,click,2026-04-08T13:55:56.450Z,user_68,admin
trade_blotter,ratan_container,input,2026-03-22T13:02:12.031Z,user_379,viewer
portfolio_analytics,analytics_container,scroll,2026-03-16T21:31:02.878Z,user_327,analyst
market_data_grid,trading_container,click,2026-03-16T15:05:02.062Z,user_247,trader
portfolio_analytics,analytics_container,input,2026-03-25T03:09:40.578Z,user_232,analyst
flow_zero,ratan_container,click,2026-03-31T07:01:59.597Z,user_233,trader
flow_zero,ratan_container,click,2026-04-05T01:43:49.366Z,user_193,trader
market_data_grid,trading_container,scroll,2026-03-28T13:56:29.286Z,user_390,analyst
cashflow_blotter,ratan_container,blur,2026-03-16T09:07:25.774Z,user_252,viewer
portfolio_analytics,analytics_container,click,2026-03-19T21:57:04.242Z,user_45,admin
risk_dashboard,analytics_container,navigation,2026-03-28T23:54:04.373Z,user_272,manager
cashflow_blotter,ratan_container,click,2026-03-26T10:34:33.933Z,user_253,admin
portfolio_analytics,analytics_container,input,2026-03-19T14:38:14.023Z,user_7,viewer
cashflow_blotter,ratan_container,click,2026-04-03T04:13:14.568Z,user_19,manager
flow_zero,ratan_container,navigation,2026-04-08T00:40:29.401Z,user_400,viewer
portfolio_analytics,analytics_container,click,2026-03-29T03:49:44.779Z,user_184,trader
risk_dashboard,analytics_container,navigation,2026-03-27T02:18:45.029Z,user_217,admin
portfolio_analytics,analytics_container,navigation,2026-04-13T00:20:12.601Z,user_442,admin
flow_zero,ratan_container,navigation,2026-03-17T04:03:14.232Z,user_185,viewer
cashflow_blotter,ratan_container,click,2026-04-02T07:37:52.932Z,user_133,analyst
flow_zero,ratan_container,hover,2026-03-31T10:51:22.611Z,user_260,trader
portfolio_analytics,analytics_container,navigation,2026-04-01T18:08:35.471Z,user_222,manager
cashflow_blotter,ratan_container,click,2026-03-18T06:59:56.962Z,user_107,trader
flow_zero,ratan_container,click,2026-04-14T08:26:23.446Z,user_111,trader
cashflow_blotter,ratan_container,click,2026-03-22T10:15:56.530Z,user_252,viewer
cashflow_blotter,ratan_container,navigation,2026-03-28T05:08:39.433Z,user_304,analyst
trade_blotter,ratan_container,click,2026-03-27T03:55:56.897Z,user_99,viewer
portfolio_analytics,analytics_container,click,2026-03-19T10:23:42.948Z,user_255,analyst
portfolio_analytics,analytics_container,click,2026-03-29T20:46:35.417Z,user_313,analyst
flow_zero,ratan_container,scroll,2026-03-18T13:57:23.435Z,user_243,viewer
portfolio_analytics,analytics_container,click,2026-04-12T07:12:51.217Z,user_140,admin
risk_dashboard,analytics_container,click,2026-03-16T20:18:13.410Z,user_397,viewer
risk_dashboard,analytics_container,input,2026-03-21T16:29:31.301Z,user_308,manager
flow_zero,ratan_container,input,2026-03-19T23:17:38.234Z,user_491,viewer
portfolio_analytics,analytics_container,navigation,2026-04-14T08:12:28.808Z,user_294,admin
risk_dashboard,analytics_container,click,2026-03-19T18:36:02.285Z,user_253,admin
flow_zero,ratan_container,scroll,2026-04-15T00:38:28.383Z,user_453,analyst
portfolio_analytics,analytics_container,navigation,2026-04-07T21:17:58.822Z,user_258,admin
portfolio_analytics,analytics_container,click,2026-03-17T13:34:36.182Z,user_358,manager
trade_blotter,ratan_container,scroll,2026-03-18T17:50:46.802Z,user_417,analyst
market_data_grid,trading_container,navigation,2026-03-16T05:04:23.197Z,user_36,admin
flow_zero,ratan_container,click,2026-03-16T20:13:35.848Z,user_255,analyst
trade_blotter,ratan_container,input,2026-03-25T02:44:28.093Z,user_406,admin
flow_zero,ratan_container,navigation,2026-04-14T09:28:00.287Z,user_98,trader
trade_blotter,ratan_container,click,2026-03-28T08:40:27.324Z,user_462,analyst
cashflow_blotter,ratan_container,click,2026-04-11T17:19:10.566Z,user_61,trader
trade_blotter,ratan_container,click,2026-03-21T17:22:48.364Z,user_84,trader
trade_blotter,ratan_container,navigation,2026-03-16T23:59:23.952Z,user_330,manager
cashflow_blotter,ratan_container,hover,2026-04-04T07:22:10.713Z,user_202,viewer
flow_zero,ratan_container,scroll,2026-03-18T04:57:29.761Z,user_216,viewer
flow_zero,ratan_container,click,2026-03-30T01:05:09.574Z,user_447,admin
flow_zero,ratan_container,click,2026-03-24T21:05:49.139Z,user_411,manager
market_data_grid,trading_container,input,2026-03-17T16:42:57.814Z,user_119,manager
cashflow_blotter,ratan_container,click,2026-03-23T10:30:27.042Z,user_445,trader
cashflow_blotter,ratan_container,navigation,2026-03-22T12:30:32.699Z,user_469,viewer
risk_dashboard,analytics_container,input,2026-04-13T19:26:23.789Z,user_323,trader
risk_dashboard,analytics_container,input,2026-04-14T10:17:34.155Z,user_15,analyst
portfolio_analytics,analytics_container,input,2026-03-16T20:25:47.350Z,user_246,analyst
risk_dashboard,analytics_container,scroll,2026-03-25T21:40:57.006Z,user_50,manager
market_data_grid,trading_container,input,2026-03-16T10:19:50.324Z,user_299,admin
risk_dashboard,analytics_container,click,2026-03-21T03:02:37.790Z,user_194,viewer
cashflow_blotter,ratan_container,input,2026-03-16T06:50:52.827Z,user_33,analyst
risk_dashboard,analytics_container,click,2026-03-24T07:16:15.928Z,user_103,viewer
cashflow_blotter,ratan_container,submit,2026-03-30T17:24:16.567Z,user_101,analyst
portfolio_analytics,analytics_container,hover,2026-04-02T22:15:30.061Z,user_292,trader
cashflow_blotter,ratan_container,navigation,2026-03-16T22:42:33.315Z,user_496,viewer
market_data_grid,trading_container,click,2026-03-23T10:56:41.048Z,user_195,admin
cashflow_blotter,ratan_container,submit,2026-04-09T04:59:52.690Z,user_112,viewer
trade_blotter,ratan_container,click,2026-03-24T15:55:11.762Z,user_92,analyst
cashflow_blotter,ratan_container,focus,2026-04-07T02:03:30.404Z,user_68,admin
market_data_grid,trading_container,input,2026-04-12T00:40:11.555Z,user_225,viewer
portfolio_analytics,analytics_container,navigation,2026-03-16T11:45:04.926Z,user_59,admin
cashflow_blotter,ratan_container,click,2026-04-12T18:14:22.062Z,user_262,admin
trade_blotter,ratan_container,click,2026-04-07T03:25:56.845Z,user_61,trader
risk_dashboard,analytics_container,input,2026-03-16T11:34:08.141Z,user_279,trader
risk_dashboard,analytics_container,submit,2026-03-16T16:20:45.864Z,user_176,viewer
flow_zero,ratan_container,click,2026-03-23T09:30:56.669Z,user_275,viewer
risk_dashboard,analytics_container,scroll,2026-03-23T10:13:55.547Z,user_440,trader
risk_dashboard,analytics_container,input,2026-03-19T17:36:08.131Z,user_455,viewer
risk_dashboard,analytics_container,click,2026-03-20T06:45:13.306Z,user_396,trader
market_data_grid,trading_container,click,2026-03-18T06:38:37.242Z,user_174,analyst
flow_zero,ratan_container,focus,2026-03-27T21:43:55.444Z,user_395,analyst
flow_zero,ratan_container,scroll,2026-03-16T12:34:26.683Z,user_349,manager
flow_zero,ratan_container,focus,2026-04-09T01:16:07.675Z,user_18,admin
cashflow_blotter,ratan_container,click,2026-03-25T06:17:19.610Z,user_56,analyst
cashflow_blotter,ratan_container,click,2026-04-12T06:26:26.671Z,user_187,manager
cashflow_blotter,ratan_container,input,2026-03-16T12:46:48.759Z,user_477,trader
cashflow_blotter,ratan_container,input,2026-04-06T19:10:09.724Z,user_475,manager
trade_blotter,ratan_container,navigation,2026-03-25T09:37:16.531Z,user_140,admin
flow_zero,ratan_container,focus,2026-03-16T23:08:20.747Z,user_416,manager
cashflow_blotter,ratan_container,click,2026-03-22T03:25:22.522Z,user_14,manager
portfolio_analytics,analytics_container,input,2026-04-14T16:12:21.865Z,user_68,admin
cashflow_blotter,ratan_container,navigation,2026-04-13T05:16:42.133Z,user_481,trader
flow_zero,ratan_container,click,2026-04-12T02:30:56.386Z,user_21,viewer
portfolio_analytics,analytics_container,input,2026-03-31T12:27:38.567Z,user_188,analyst
risk_dashboard,analytics_container,click,2026-04-08T19:06:35.554Z,user_409,trader
market_data_grid,trading_container,submit,2026-03-22T01:36:18.129Z,user_155,manager
trade_blotter,ratan_container,submit,2026-04-05T17:41:27.357Z,user_71,viewer
trade_blotter,ratan_container,click,2026-03-21T12:00:15.906Z,user_481,trader
portfolio_analytics,analytics_container,navigation,2026-03-23T02:58:36.525Z,user_325,admin
cashflow_blotter,ratan_container,input,2026-03-31T01:50:29.542Z,user_387,trader
market_data_grid,trading_container,click,2026-03-22T12:04:12.804Z,user_488,admin
portfolio_analytics,analytics_container,click,2026-04-02T16:08:54.380Z,user_491,viewer
cashflow_blotter,ratan_container,navigation,2026-03-18T18:39:30.676Z,user_273,analyst
flow_zero,ratan_container,navigation,2026-03-16T12:38:46.624Z,user_282,analyst
trade_blotter,ratan_container,hover,2026-03-25T04:58:28.547Z,user_224,trader
market_data_grid,trading_container,click,2026-03-17T06:30:40.332Z,user_167,viewer
risk_dashboard,analytics_container,click,2026-03-16T20:38:39.935Z,user_192,analyst
portfolio_analytics,analytics_container,hover,2026-03-31T08:33:08.893Z,user_429,admin
cashflow_blotter,ratan_container,input,2026-03-21T14:52:40.702Z,user_479,admin
risk_dashboard,analytics_container,input,2026-04-08T19:36:08.397Z,user_321,manager
flow_zero,ratan_container,click,2026-03-24T03:09:25.529Z,user_170,trader
trade_blotter,ratan_container,focus,2026-03-25T11:27:47.146Z,user_286,manager
market_data_grid,trading_container,input,2026-04-06T00:50:34.777Z,user_92,analyst
trade_blotter,ratan_container,focus,2026-03-18T10:17:36.991Z,user_391,trader
cashflow_blotter,ratan_container,click,2026-03-17T08:09:11.914Z,user_196,manager
cashflow_blotter,ratan_container,click,2026-03-17T08:32:37.476Z,user_470,manager
cashflow_blotter,ratan_container,focus,2026-03-17T07:35:04.295Z,user_77,admin
trade_blotter,ratan_container,navigation,2026-03-18T20:33:38.447Z,user_6,trader
trade_blotter,ratan_container,click,2026-03-28T20:06:35.869Z,user_223,analyst
flow_zero,ratan_container,input,2026-03-18T06:23:39.719Z,user_260,trader
cashflow_blotter,ratan_container,click,2026-04-02T00:32:51.671Z,user_200,analyst
market_data_grid,trading_container,click,2026-04-08T13:22:03.793Z,user_375,admin
portfolio_analytics,analytics_container,blur,2026-03-16T21:12:05.154Z,user_43,trader
trade_blotter,ratan_container,click,2026-03-16T05:24:43.434Z,user_350,trader
trade_blotter,ratan_container,navigation,2026-03-19T06:17:10.479Z,user_19,manager
risk_dashboard,analytics_container,click,2026-03-29T15:44:32.622Z,user_487,viewer
trade_blotter,ratan_container,blur,2026-03-18T16:51:30.404Z,user_178,manager
trade_blotter,ratan_container,blur,2026-04-15T00:36:00.677Z,user_405,viewer
portfolio_analytics,analytics_container,click,2026-03-25T22:08:30.829Z,user_394,manager
portfolio_analytics,analytics_container,focus,2026-03-20T21:20:51.390Z,user_116,trader
cashflow_blotter,ratan_container,navigation,2026-03-16T18:55:51.355Z,user_300,trader
cashflow_blotter,ratan_container,navigation,2026-03-20T08:59:10.076Z,user_33,analyst
cashflow_blotter,ratan_container,blur,2026-03-16T12:38:33.092Z,user_56,analyst
flow_zero,ratan_container,input,2026-03-24T23:52:46.282Z,user_200,analyst
trade_blotter,ratan_container,click,2026-03-20T14:02:58.528Z,user_192,analyst
portfolio_analytics,analytics_container,input,2026-04-08T02:29:39.749Z,user_397,viewer
market_data_grid,trading_container,click,2026-03-16T06:55:50.475Z,user_86,admin
trade_blotter,ratan_container,focus,2026-04-05T01:47:22.938Z,user_247,trader
trade_blotter,ratan_container,click,2026-03-24T13:06:38.544Z,user_101,analyst
risk_dashboard,analytics_container,click,2026-03-19T21:52:31.104Z,user_283,trader
risk_dashboard,analytics_container,navigation,2026-03-16T06:38:15.995Z,user_281,manager
trade_blotter,ratan_container,click,2026-03-19T02:47:19.563Z,user_247,trader
market_data_grid,trading_container,click,2026-03-16T17:36:35.493Z,user_477,trader
portfolio_analytics,analytics_container,hover,2026-03-28T22:24:31.607Z,user_150,manager
portfolio_analytics,analytics_container,click,2026-04-02T01:04:16.138Z,user_112,viewer
risk_dashboard,analytics_container,blur,2026-03-19T05:14:33.489Z,user_337,trader
flow_zero,ratan_container,click,2026-03-16T12:03:09.072Z,user_230,admin
trade_blotter,ratan_container,click,2026-04-11T09:28:29.029Z,user_468,trader
cashflow_blotter,ratan_container,blur,2026-03-24T07:13:33.249Z,user_74,analyst
cashflow_blotter,ratan_container,click,2026-03-29T23:31:24.272Z,user_287,analyst
trade_blotter,ratan_container,scroll,2026-04-11T02:15:12.433Z,user_261,viewer
trade_blotter,ratan_container,click,2026-03-19T09:06:06.507Z,user_185,viewer
trade_blotter,ratan_container,click,2026-03-17T09:54:31.902Z,user_280,admin
market_data_grid,trading_container,click,2026-03-19T18:01:14.730Z,user_450,viewer
flow_zero,ratan_container,hover,2026-03-16T09:33:34.648Z,user_105,manager
flow_zero,ratan_container,input,2026-03-29T15:28:39.971Z,user_460,admin
portfolio_analytics,analytics_container,navigation,2026-03-18T10:10:57.244Z,user_360,viewer
cashflow_blotter,ratan_container,hover,2026-03-31T06:51:48.318Z,user_404,trader
market_data_grid,trading_container,click,2026-03-28T12:35:12.817Z,user_200,analyst
cashflow_blotter,ratan_container,focus,2026-04-02T12:43:48.189Z,user_464,viewer
risk_dashboard,analytics_container,focus,2026-03-16T12:13:42.688Z,user_174,analyst
portfolio_analytics,analytics_container,hover,2026-03-30T13:45:57.770Z,user_101,analyst
cashflow_blotter,ratan_container,input,2026-03-28T10:13:28.718Z,user_214,analyst
portfolio_analytics,analytics_container,submit,2026-03-18T02:37:42.431Z,user_429,admin
portfolio_analytics,analytics_container,navigation,2026-03-29T15:10:18.914Z,user_441,viewer
risk_dashboard,analytics_container,input,2026-03-21T04:31:54.522Z,user_231,manager
risk_dashboard,analytics_container,click,2026-03-17T10:22:41.233Z,user_328,trader
cashflow_blotter,ratan_container,navigation,2026-03-31T13:14:55.604Z,user_448,manager
trade_blotter,ratan_container,hover,2026-04-05T00:36:18.713Z,user_274,trader
risk_dashboard,analytics_container,focus,2026-04-10T00:39:25.573Z,user_492,admin
market_data_grid,trading_container,click,2026-03-16T09:23:06.633Z,user_413,trader
cashflow_blotter,ratan_container,scroll,2026-03-17T01:18:08.696Z,user_316,admin
market_data_grid,trading_container,hover,2026-03-20T01:19:26.511Z,user_480,analyst
cashflow_blotter,ratan_container,input,2026-03-19T09:36:40.558Z,user_219,analyst
trade_blotter,ratan_container,click,2026-03-16T14:58:36.742Z,user_463,trader
trade_blotter,ratan_container,click,2026-04-06T17:00:47.150Z,user_242,trader
trade_blotter,ratan_container,click,2026-03-23T15:46:43.112Z,user_309,analyst
flow_zero,ratan_container,click,2026-04-06T09:37:56.626Z,user_410,admin
market_data_grid,trading_container,navigation,2026-03-25T00:12:01.247Z,user_50,manager
trade_blotter,ratan_container,click,2026-04-09T06:09:52.648Z,user_408,analyst
risk_dashboard,analytics_container,hover,2026-03-16T10:43:53.451Z,user_108,viewer
risk_dashboard,analytics_container,click,2026-03-16T22:17:49.065Z,user_403,analyst
flow_zero,ratan_container,blur,2026-03-31T01:03:49.246Z,user_122,admin
flow_zero,ratan_container,click,2026-04-01T22:55:27.644Z,user_251,trader
market_data_grid,trading_container,input,2026-03-16T09:36:12.445Z,user_392,viewer
market_data_grid,trading_container,click,2026-03-30T19:36:37.898Z,user_291,analyst
portfolio_analytics,analytics_container,click,2026-03-16T05:33:37.538Z,user_73,manager
flow_zero,ratan_container,navigation,2026-03-25T07:43:34.425Z,user_86,admin
trade_blotter,ratan_container,hover,2026-03-16T05:01:31.648Z,user_347,viewer
trade_blotter,ratan_container,click,2026-04-07T06:06:41.725Z,user_236,manager
cashflow_blotter,ratan_container,click,2026-04-10T13:03:38.036Z,user_360,viewer
flow_zero,ratan_container,hover,2026-03-16T05:01:38.700Z,user_68,admin
market_data_grid,trading_container,scroll,2026-03-17T15:50:09.199Z,user_63,admin
risk_dashboard,analytics_container,focus,2026-03-29T11:57:36.407Z,user_29,analyst
portfolio_analytics,analytics_container,click,2026-04-10T16:30:44.873Z,user_55,manager
cashflow_blotter,ratan_container,click,2026-03-30T08:01:39.176Z,user_474,admin
risk_dashboard,analytics_container,blur,2026-03-28T21:18:26.221Z,user_424,admin
trade_blotter,ratan_container,input,2026-04-07T19:40:51.181Z,user_298,viewer
trade_blotter,ratan_container,submit,2026-03-31T01:30:03.253Z,user_180,viewer
portfolio_analytics,analytics_container,blur,2026-03-16T10:42:17.993Z,user_434,manager
market_data_grid,trading_container,submit,2026-03-25T14:42:00.932Z,user_397,viewer
flow_zero,ratan_container,input,2026-03-24T04:03:30.509Z,user_466,manager
cashflow_blotter,ratan_container,focus,2026-04-14T18:00:58.495Z,user_199,viewer
portfolio_analytics,analytics_container,input,2026-04-03T17:47:53.813Z,user_295,manager
cashflow_blotter,ratan_container,click,2026-03-16T20:01:51.035Z,user_343,admin
trade_blotter,ratan_container,input,2026-03-30T15:19:15.275Z,user_120,trader
cashflow_blotter,ratan_container,focus,2026-03-19T20:32:34.020Z,user_412,analyst
trade_blotter,ratan_container,submit,2026-03-29T11:40:52.976Z,user_414,viewer
flow_zero,ratan_container,hover,2026-03-24T02:13:53.377Z,user_93,trader
cashflow_blotter,ratan_container,scroll,2026-03-31T12:03:12.792Z,user_494,analyst
portfolio_analytics,analytics_container,click,2026-04-14T19:16:51.770Z,user_332,trader
portfolio_analytics,analytics_container,input,2026-03-21T01:41:13.407Z,user_396,trader
flow_zero,ratan_container,click,2026-04-12T02:47:10.883Z,user_174,analyst
risk_dashboard,analytics_container,hover,2026-03-17T01:03:34.596Z,user_446,viewer
trade_blotter,ratan_container,navigation,2026-04-13T11:53:16.419Z,user_433,admin
cashflow_blotter,ratan_container,hover,2026-03-19T07:05:11.459Z,user_282,analyst
trade_blotter,ratan_container,scroll,2026-03-17T03:15:13.668Z,user_391,trader
cashflow_blotter,ratan_container,navigation,2026-03-17T08:07:59.966Z,user_7,viewer
trade_blotter,ratan_container,navigation,2026-04-13T19:39:17.547Z,user_165,analyst
flow_zero,ratan_container,click,2026-03-27T15:18:51.293Z,user_113,admin
trade_blotter,ratan_container,input,2026-03-29T00:42:14.506Z,user_151,analyst
market_data_grid,trading_container,navigation,2026-03-17T05:45:06.295Z,user_419,viewer
trade_blotter,ratan_container,hover,2026-03-16T21:27:21.878Z,user_263,manager
portfolio_analytics,analytics_container,click,2026-04-06T13:49:28.886Z,user_195,admin
portfolio_analytics,analytics_container,input,2026-03-17T05:19:32.883Z,user_476,analyst
flow_zero,ratan_container,hover,2026-03-16T05:03:31.452Z,user_384,admin
trade_blotter,ratan_container,click,2026-03-20T18:55:27.083Z,user_28,manager
trade_blotter,ratan_container,click,2026-03-19T16:26:01.740Z,user_101,analyst
portfolio_analytics,analytics_container,input,2026-03-16T17:58:11.349Z,user_369,trader
market_data_grid,trading_container,navigation,2026-04-08T07:29:23.903Z,user_202,viewer
cashflow_blotter,ratan_container,click,2026-03-16T07:46:45.740Z,user_399,manager
risk_dashboard,analytics_container,hover,2026-03-17T22:02:59.219Z,user_149,viewer
market_data_grid,trading_container,click,2026-04-12T03:00:55.586Z,user_337,trader
cashflow_blotter,ratan_container,submit,2026-04-07T08:49:24.255Z,user_283,trader
flow_zero,ratan_container,click,2026-04-04T08:37:20.024Z,user_147,analyst
market_data_grid,trading_container,click,2026-04-04T09:02:40.862Z,user_387,trader
cashflow_blotter,ratan_container,click,2026-03-31T23:02:47.233Z,user_149,viewer
cashflow_blotter,ratan_container,scroll,2026-03-16T07:01:38.058Z,user_377,analyst
market_data_grid,trading_container,click,2026-03-26T22:24:14.329Z,user_49,viewer
risk_dashboard,analytics_container,input,2026-03-22T05:49:51.952Z,user_133,analyst
portfolio_analytics,analytics_container,click,2026-03-16T20:31:11.798Z,user_71,viewer
portfolio_analytics,analytics_container,navigation,2026-03-17T01:12:54.716Z,user_368,analyst
flow_zero,ratan_container,navigation,2026-03-27T12:53:07.563Z,user_447,admin
cashflow_blotter,ratan_container,hover,2026-03-28T12:40:26.438Z,user_266,viewer
cashflow_blotter,ratan_container,click,2026-03-17T16:25:09.078Z,user_308,manager
market_data_grid,trading_container,focus,2026-03-29T07:38:46.542Z,user_238,trader
cashflow_blotter,ratan_container,submit,2026-03-16T10:02:52.179Z,user_312,manager
flow_zero,ratan_container,click,2026-03-29T15:45:59.418Z,user_350,trader
trade_blotter,ratan_container,click,2026-03-30T06:05:51.229Z,user_242,trader
cashflow_blotter,ratan_container,hover,2026-04-09T03:50:38.281Z,user_15,analyst
market_data_grid,trading_container,navigation,2026-03-20T22:02:00.479Z,user_226,admin
cashflow_blotter,ratan_container,click,2026-03-22T19:07:26.250Z,user_258,admin
trade_blotter,ratan_container,input,2026-03-31T09:38:00.432Z,user_327,analyst
flow_zero,ratan_container,click,2026-03-24T12:04:09.693Z,user_342,viewer
risk_dashboard,analytics_container,hover,2026-04-11T09:04:32.860Z,user_499,analyst
risk_dashboard,analytics_container,input,2026-04-13T13:18:32.868Z,user_33,analyst
trade_blotter,ratan_container,input,2026-03-27T09:40:22.857Z,user_248,viewer
risk_dashboard,analytics_container,blur,2026-03-22T11:38:54.074Z,user_364,trader
portfolio_analytics,analytics_container,click,2026-03-27T11:53:45.445Z,user_152,trader
trade_blotter,ratan_container,click,2026-04-14T21:38:47.249Z,user_5,analyst
trade_blotter,ratan_container,input,2026-03-31T14:19:08.343Z,user_334,admin
flow_zero,ratan_container,input,2026-03-16T12:28:09.048Z,user_320,admin
portfolio_analytics,analytics_container,click,2026-03-16T13:36:47.534Z,user_174,analyst
cashflow_blotter,ratan_container,navigation,2026-03-27T14:55:25.436Z,user_416,manager
market_data_grid,trading_container,navigation,2026-03-17T00:42:57.761Z,user_23,manager
cashflow_blotter,ratan_container,scroll,2026-03-16T17:34:35.236Z,user_77,admin
market_data_grid,trading_container,navigation,2026-03-20T10:22:02.055Z,user_409,trader
flow_zero,ratan_container,navigation,2026-04-13T21:20:02.262Z,user_170,trader
cashflow_blotter,ratan_container,click,2026-03-25T19:31:22.144Z,user_81,admin
portfolio_analytics,analytics_container,scroll,2026-03-20T04:46:06.388Z,user_307,admin
risk_dashboard,analytics_container,navigation,2026-03-26T15:49:20.707Z,user_179,analyst
portfolio_analytics,analytics_container,hover,2026-03-18T14:47:38.622Z,user_477,trader
flow_zero,ratan_container,navigation,2026-04-15T01:29:41.347Z,user_279,trader
flow_zero,ratan_container,scroll,2026-04-13T12:35:12.810Z,user_287,analyst
flow_zero,ratan_container,click,2026-04-14T23:14:36.388Z,user_396,trader
trade_blotter,ratan_container,click,2026-03-17T08:58:58.798Z,user_155,manager
market_data_grid,trading_container,click,2026-04-06T03:12:00.850Z,user_168,admin
cashflow_blotter,ratan_container,click,2026-04-14T02:57:13.292Z,user_128,manager
cashflow_blotter,ratan_container,navigation,2026-03-22T21:38:59.545Z,user_220,viewer
trade_blotter,ratan_container,click,2026-03-20T12:31:31.810Z,user_434,manager
risk_dashboard,analytics_container,click,2026-04-14T03:45:54.515Z,user_98,trader
flow_zero,ratan_container,input,2026-03-16T06:26:35.320Z,user_304,analyst
flow_zero,ratan_container,click,2026-03-18T08:06:19.533Z,user_371,manager
portfolio_analytics,analytics_container,submit,2026-03-28T01:39:02.300Z,user_352,admin
cashflow_blotter,ratan_container,submit,2026-03-16T13:15:04.694Z,user_487,viewer
portfolio_analytics,analytics_container,input,2026-03-20T00:49:41.823Z,user_341,trader
flow_zero,ratan_container,navigation,2026-03-20T17:15:24.404Z,user_142,analyst
flow_zero,ratan_container,click,2026-04-04T15:26:13.012Z,user_130,viewer
cashflow_blotter,ratan_container,click,2026-04-01T07:49:10.292Z,user_481,trader
risk_dashboard,analytics_container,blur,2026-03-17T00:00:32.754Z,user_344,manager
risk_dashboard,analytics_container,input,2026-03-16T17:40:00.977Z,user_477,trader
market_data_grid,trading_container,click,2026-03-30T14:41:11.309Z,user_272,manager
flow_zero,ratan_container,click,2026-03-25T17:02:11.658Z,user_92,analyst
portfolio_analytics,analytics_container,click,2026-04-03T04:27:14.289Z,user_116,trader
portfolio_analytics,analytics_container,navigation,2026-03-16T21:46:44.348Z,user_421,analyst
trade_blotter,ratan_container,hover,2026-03-16T08:47:00.967Z,user_194,viewer
market_data_grid,trading_container,click,2026-03-22T04:33:44.637Z,user_446,viewer
trade_blotter,ratan_container,submit,2026-04-09T08:36:32.688Z,user_430,analyst
cashflow_blotter,ratan_container,input,2026-03-20T10:03:38.606Z,user_447,admin
cashflow_blotter,ratan_container,focus,2026-04-02T21:19:16.152Z,user_407,manager
flow_zero,ratan_container,scroll,2026-03-16T13:22:27.554Z,user_460,admin
trade_blotter,ratan_container,hover,2026-03-19T08:59:31.099Z,user_344,manager
portfolio_analytics,analytics_container,navigation,2026-03-24T01:30:56.036Z,user_475,manager
portfolio_analytics,analytics_container,click,2026-03-16T14:20:42.888Z,user_211,viewer
flow_zero,ratan_container,click,2026-03-21T05:48:42.377Z,user_242,trader
risk_dashboard,analytics_container,scroll,2026-04-08T17:28:06.501Z,user_266,viewer
cashflow_blotter,ratan_container,blur,2026-03-25T14:46:56.240Z,user_276,admin
flow_zero,ratan_container,focus,2026-03-16T05:22:02.045Z,user_231,manager
risk_dashboard,analytics_container,click,2026-03-30T07:51:48.650Z,user_208,admin
trade_blotter,ratan_container,blur,2026-04-09T19:14:55.636Z,user_356,viewer
risk_dashboard,analytics_container,scroll,2026-04-07T17:53:24.359Z,user_91,manager
portfolio_analytics,analytics_container,navigation,2026-03-18T04:32:25.942Z,user_44,viewer
trade_blotter,ratan_container,click,2026-03-23T04:42:03.113Z,user_7,viewer
portfolio_analytics,analytics_container,hover,2026-04-05T00:25:49.471Z,user_469,viewer
trade_blotter,ratan_container,click,2026-03-17T08:03:38.477Z,user_410,admin
market_data_grid,trading_container,navigation,2026-03-26T16:39:41.894Z,user_496,viewer
portfolio_analytics,analytics_container,navigation,2026-03-23T22:00:00.944Z,user_207,viewer
risk_dashboard,analytics_container,input,2026-03-17T13:31:17.066Z,user_229,trader
flow_zero,ratan_container,input,2026-03-26T12:02:28.837Z,user_166,trader
risk_dashboard,analytics_container,click,2026-03-16T06:15:04.408Z,user_373,trader
risk_dashboard,analytics_container,input,2026-04-13T21:22:41.108Z,user_458,analyst
market_data_grid,trading_container,click,2026-03-17T12:20:49.445Z,user_303,manager
risk_dashboard,analytics_container,input,2026-04-05T13:17:22.428Z,user_448,manager
trade_blotter,ratan_container,input,2026-03-16T19:25:05.172Z,user_244,admin
trade_blotter,ratan_container,click,2026-03-19T20:10:58.203Z,user_407,manager
risk_dashboard,analytics_container,input,2026-04-04T04:09:40.574Z,user_238,trader
risk_dashboard,analytics_container,click,2026-03-29T13:09:21.208Z,user_225,viewer
risk_dashboard,analytics_container,click,2026-03-29T11:05:18.843Z,user_435,analyst
cashflow_blotter,ratan_container,click,2026-03-19T22:05:24.925Z,user_430,analyst
cashflow_blotter,ratan_container,scroll,2026-03-18T12:27:26.200Z,user_45,admin
trade_blotter,ratan_container,input,2026-04-14T22:12:59.965Z,user_401,admin
cashflow_blotter,ratan_container,navigation,2026-04-08T10:22:44.814Z,user_470,manager
cashflow_blotter,ratan_container,input,2026-03-27T01:20:42.637Z,user_136,admin
flow_zero,ratan_container,click,2026-03-30T16:39:11.430Z,user_14,manager
trade_blotter,ratan_container,focus,2026-03-17T09:21:41.197Z,user_163,admin
trade_blotter,ratan_container,click,2026-03-29T21:44:53.393Z,user_255,analyst
risk_dashboard,analytics_container,click,2026-03-16T05:15:02.236Z,user_54,admin
trade_blotter,ratan_container,navigation,2026-03-16T05:36:06.171Z,user_287,analyst
cashflow_blotter,ratan_container,blur,2026-03-21T02:23:20.411Z,user_248,viewer
cashflow_blotter,ratan_container,input,2026-03-17T14:23:50.129Z,user_490,trader
trade_blotter,ratan_container,click,2026-04-04T04:37:51.872Z,user_332,trader
trade_blotter,ratan_container,hover,2026-04-04T10:14:22.501Z,user_73,manager
cashflow_blotter,ratan_container,submit,2026-03-16T15:40:24.176Z,user_317,manager
trade_blotter,ratan_container,click,2026-03-18T16:11:40.532Z,user_470,manager
cashflow_blotter,ratan_container,navigation,2026-04-14T13:54:31.029Z,user_493,manager
risk_dashboard,analytics_container,focus,2026-03-18T11:34:56.214Z,user_344,manager
portfolio_analytics,analytics_container,click,2026-03-31T09:11:30.002Z,user_422,trader
portfolio_analytics,analytics_container,scroll,2026-04-13T14:04:16.964Z,user_83,analyst
flow_zero,ratan_container,click,2026-03-21T07:26:57.466Z,user_108,viewer
cashflow_blotter,ratan_container,hover,2026-03-17T00:21:42.265Z,user_200,analyst
flow_zero,ratan_container,blur,2026-03-20T18:22:48.156Z,user_339,admin
trade_blotter,ratan_container,navigation,2026-04-07T10:53:56.133Z,user_190,admin
trade_blotter,ratan_container,hover,2026-03-16T05:32:15.805Z,user_396,trader
cashflow_blotter,ratan_container,click,2026-03-17T01:32:57.141Z,user_145,admin
cashflow_blotter,ratan_container,click,2026-04-03T22:16:01.876Z,user_198,trader
trade_blotter,ratan_container,input,2026-04-14T11:41:35.625Z,user_192,analyst
market_data_grid,trading_container,focus,2026-03-16T05:16:56.628Z,user_202,viewer
flow_zero,ratan_container,click,2026-03-18T07:52:25.045Z,user_118,admin
cashflow_blotter,ratan_container,submit,2026-03-21T08:33:35.725Z,user_106,analyst
portfolio_analytics,analytics_container,click,2026-03-21T02:37:06.958Z,user_474,admin
trade_blotter,ratan_container,click,2026-04-10T22:55:02.395Z,user_450,viewer
flow_zero,ratan_container,submit,2026-04-06T08:09:58.932Z,user_111,trader
risk_dashboard,analytics_container,focus,2026-03-29T11:35:49.225Z,user_227,manager
flow_zero,ratan_container,click,2026-04-10T01:45:16.833Z,user_432,viewer
risk_dashboard,analytics_container,click,2026-03-26T09:08:04.668Z,user_447,admin
cashflow_blotter,ratan_container,navigation,2026-04-03T05:29:35.970Z,user_144,viewer
market_data_grid,trading_container,submit,2026-04-15T01:06:18.238Z,user_484,manager
flow_zero,ratan_container,input,2026-03-29T20:01:01.944Z,user_159,admin
trade_blotter,ratan_container,input,2026-03-16T14:27:03.411Z,user_473,viewer
trade_blotter,ratan_container,scroll,2026-03-16T22:51:17.045Z,user_205,analyst
trade_blotter,ratan_container,navigation,2026-03-18T22:06:54.889Z,user_35,viewer
portfolio_analytics,analytics_container,hover,2026-04-05T08:26:05.782Z,user_404,trader
risk_dashboard,analytics_container,submit,2026-03-20T13:25:11.922Z,user_428,viewer
market_data_grid,trading_container,scroll,2026-03-18T03:30:42.211Z,user_43,trader
portfolio_analytics,analytics_container,hover,2026-04-05T09:09:54.065Z,user_385,manager
flow_zero,ratan_container,click,2026-03-24T09:44:06.905Z,user_76,viewer
cashflow_blotter,ratan_container,click,2026-03-21T17:58:32.751Z,user_269,analyst
cashflow_blotter,ratan_container,click,2026-03-19T21:57:44.363Z,user_194,viewer
flow_zero,ratan_container,click,2026-03-20T13:26:42.577Z,user_244,admin
cashflow_blotter,ratan_container,hover,2026-03-21T13:09:36.130Z,user_36,admin
market_data_grid,trading_container,navigation,2026-03-23T00:30:25.565Z,user_438,admin
portfolio_analytics,analytics_container,scroll,2026-03-16T09:10:31.400Z,user_230,admin
flow_zero,ratan_container,click,2026-03-16T13:06:00.924Z,user_175,trader
cashflow_blotter,ratan_container,navigation,2026-03-20T03:40:41.967Z,user_158,viewer
flow_zero,ratan_container,navigation,2026-03-17T19:41:46.090Z,user_1,trader
cashflow_blotter,ratan_container,click,2026-04-13T01:28:51.632Z,user_249,admin
portfolio_analytics,analytics_container,click,2026-03-17T19:36:03.045Z,user_113,admin
cashflow_blotter,ratan_container,input,2026-03-16T07:28:33.179Z,user_312,manager
flow_zero,ratan_container,click,2026-04-11T14:02:33.403Z,user_323,trader
flow_zero,ratan_container,hover,2026-03-27T09:03:32.751Z,user_140,admin
trade_blotter,ratan_container,click,2026-03-24T22:32:40.804Z,user_48,trader
trade_blotter,ratan_container,click,2026-03-16T09:45:33.476Z,user_341,trader
trade_blotter,ratan_container,click,2026-03-22T10:11:31.294Z,user_60,analyst
cashflow_blotter,ratan_container,input,2026-03-17T09:41:24.451Z,user_300,trader
risk_dashboard,analytics_container,focus,2026-04-02T12:07:02.919Z,user_374,viewer
trade_blotter,ratan_container,input,2026-04-01T07:17:42.171Z,user_21,viewer
portfolio_analytics,analytics_container,scroll,2026-03-17T12:46:06.128Z,user_452,manager
trade_blotter,ratan_container,click,2026-03-18T12:22:00.460Z,user_135,viewer
portfolio_analytics,analytics_container,input,2026-03-29T20:58:15.975Z,user_327,analyst
flow_zero,ratan_container,input,2026-04-08T12:12:18.338Z,user_424,admin
market_data_grid,trading_container,click,2026-03-21T19:10:40.513Z,user_420,manager
cashflow_blotter,ratan_container,click,2026-03-28T20:34:40.178Z,user_104,admin
trade_blotter,ratan_container,click,2026-03-27T03:25:13.580Z,user_423,viewer
cashflow_blotter,ratan_container,hover,2026-03-20T03:59:37.674Z,user_234,viewer
trade_blotter,ratan_container,submit,2026-03-23T21:22:37.775Z,user_352,admin
market_data_grid,trading_container,scroll,2026-03-24T01:34:19.146Z,user_138,analyst
trade_blotter,ratan_container,scroll,2026-03-18T04:26:13.626Z,user_47,analyst
portfolio_analytics,analytics_container,click,2026-03-17T15:27:04.506Z,user_48,trader
cashflow_blotter,ratan_container,input,2026-03-16T11:03:45.067Z,user_83,analyst
trade_blotter,ratan_container,input,2026-03-16T05:01:43.920Z,user_106,analyst
portfolio_analytics,analytics_container,click,2026-04-11T07:01:55.575Z,user_55,manager
risk_dashboard,analytics_container,input,2026-03-26T12:15:15.386Z,user_333,viewer
market_data_grid,trading_container,focus,2026-03-28T13:33:03.773Z,user_406,admin
portfolio_analytics,analytics_container,hover,2026-04-04T04:47:15.268Z,user_238,trader
portfolio_analytics,analytics_container,click,2026-03-20T03:07:56.442Z,user_434,manager
trade_blotter,ratan_container,scroll,2026-03-16T12:14:39.618Z,user_42,analyst
flow_zero,ratan_container,hover,2026-04-08T07:35:34.480Z,user_137,manager
portfolio_analytics,analytics_container,scroll,2026-04-01T02:08:53.500Z,user_316,admin
market_data_grid,trading_container,scroll,2026-03-17T02:41:53.562Z,user_400,viewer
portfolio_analytics,analytics_container,navigation,2026-04-03T00:59:50.075Z,user_167,viewer
risk_dashboard,analytics_container,focus,2026-04-10T14:28:42.568Z,user_101,analyst
trade_blotter,ratan_container,input,2026-03-28T15:27:20.077Z,user_28,manager
cashflow_blotter,ratan_container,navigation,2026-04-08T19:59:44.818Z,user_391,trader
trade_blotter,ratan_container,click,2026-04-11T09:58:33.634Z,user_381,analyst
trade_blotter,ratan_container,scroll,2026-04-13T22:09:58.538Z,user_84,trader
portfolio_analytics,analytics_container,hover,2026-03-25T12:32:07.300Z,user_257,viewer
risk_dashboard,analytics_container,input,2026-03-24T09:17:49.080Z,user_475,manager
risk_dashboard,analytics_container,input,2026-03-23T06:01:46.268Z,user_337,trader
cashflow_blotter,ratan_container,hover,2026-04-08T23:01:30.337Z,user_217,admin
cashflow_blotter,ratan_container,blur,2026-03-22T20:12:21.317Z,user_278,analyst
flow_zero,ratan_container,scroll,2026-03-16T05:08:06.328Z,user_332,trader
risk_dashboard,analytics_container,navigation,2026-03-25T14:45:00.097Z,user_153,viewer
cashflow_blotter,ratan_container,navigation,2026-03-28T20:04:01.132Z,user_315,viewer
trade_blotter,ratan_container,navigation,2026-04-04T04:58:38.677Z,user_286,manager
trade_blotter,ratan_container,click,2026-03-19T18:36:26.100Z,user_153,viewer
market_data_grid,trading_container,focus,2026-03-24T09:06:06.082Z,user_271,admin
flow_zero,ratan_container,click,2026-03-22T04:38:00.266Z,user_423,viewer
cashflow_blotter,ratan_container,navigation,2026-03-28T09:58:00.131Z,user_279,trader
market_data_grid,trading_container,input,2026-03-16T06:01:09.457Z,user_191,manager
cashflow_blotter,ratan_container,click,2026-04-14T17:48:04.228Z,user_113,admin
cashflow_blotter,ratan_container,focus,2026-03-25T01:48:23.549Z,user_50,manager
flow_zero,ratan_container,hover,2026-04-02T19:12:53.162Z,user_304,analyst
flow_zero,ratan_container,navigation,2026-03-17T12:04:49.122Z,user_366,admin
trade_blotter,ratan_container,click,2026-03-27T16:04:18.208Z,user_81,admin
trade_blotter,ratan_container,input,2026-04-14T02:43:03.093Z,user_222,manager
trade_blotter,ratan_container,navigation,2026-04-14T14:15:57.069Z,user_492,admin
cashflow_blotter,ratan_container,focus,2026-03-28T23:27:14.060Z,user_34,trader
cashflow_blotter,ratan_container,navigation,2026-03-16T06:31:18.480Z,user_486,trader
cashflow_blotter,ratan_container,focus,2026-03-28T04:03:53.941Z,user_193,trader
cashflow_blotter,ratan_container,scroll,2026-04-06T22:09:56.649Z,user_101,analyst
market_data_grid,trading_container,click,2026-04-14T15:17:54.501Z,user_22,admin
trade_blotter,ratan_container,click,2026-03-20T04:21:16.754Z,user_241,analyst
risk_dashboard,analytics_container,click,2026-03-29T03:51:57.112Z,user_245,manager
flow_zero,ratan_container,input,2026-03-25T11:12:35.980Z,user_175,trader
cashflow_blotter,ratan_container,input,2026-03-21T22:38:46.560Z,user_299,admin
trade_blotter,ratan_container,hover,2026-04-09T10:29:03.682Z,user_145,admin
risk_dashboard,analytics_container,input,2026-03-16T22:13:31.369Z,user_263,manager
portfolio_analytics,analytics_container,navigation,2026-03-17T23:06:42.374Z,user_468,trader
market_data_grid,trading_container,hover,2026-03-30T13:28:12.672Z,user_292,trader
cashflow_blotter,ratan_container,scroll,2026-04-10T04:23:26.348Z,user_106,analyst
portfolio_analytics,analytics_container,blur,2026-03-30T12:40:56.530Z,user_308,manager
trade_blotter,ratan_container,input,2026-04-12T10:57:24.061Z,user_375,admin
trade_blotter,ratan_container,input,2026-04-06T10:32:31.036Z,user_137,manager
risk_dashboard,analytics_container,click,2026-03-23T16:48:32.315Z,user_382,trader
market_data_grid,trading_container,input,2026-03-30T01:58:54.112Z,user_276,admin
portfolio_analytics,analytics_container,click,2026-03-22T15:41:39.048Z,user_203,admin
trade_blotter,ratan_container,navigation,2026-04-09T14:01:34.107Z,user_185,viewer
risk_dashboard,analytics_container,input,2026-03-22T10:30:54.270Z,user_378,trader
portfolio_analytics,analytics_container,input,2026-04-11T18:14:13.747Z,user_368,analyst
flow_zero,ratan_container,focus,2026-03-29T14:30:50.679Z,user_79,analyst
trade_blotter,ratan_container,click,2026-03-22T08:46:52.728Z,user_198,trader
flow_zero,ratan_container,navigation,2026-03-17T16:11:18.010Z,user_490,trader
trade_blotter,ratan_container,click,2026-03-16T06:01:08.201Z,user_448,manager
flow_zero,ratan_container,click,2026-03-22T13:45:58.507Z,user_164,manager
